participant_id,cohort,race_simplified,gender_simplified,accent_simplified,audit_eligible,strict_audit_eligible,prolific_recruitment_group,prolific_filter_matches_self_report,age_bin,income_bin,education,gender_self_report,race_self_report_raw,race_other_text,english_proficiency,english_accent_self_report,english_accent_other_text,primary_language,primary_language_other_text,languages_fluent,languages_fluent_other_text,residency_state,residency_other_text,country_childhood,country_childhood_other_text,state_childhood,recording_device,recording_device_other_text,device_brand_model_text,frequency_voice_assistant,frequency_text_assistant,ux_voice,voice_underperform_text,duration_s
P0228,new_recruits,White,Male,non-SAE,True,True,wh_ma,True,35-44,"$100,000 to $149,999",Some college but no degree,Man,White or European American,,I speak English fluently as a first language,Pacific Northwest accent,,English,,English,,Washington,,United States,,Washington,Smartphone,,Samsung a15,"At least once per week, but not every day",Daily or more,Very well,,859
P0236,new_recruits,White,Male,non-SAE,True,True,wh_ma,True,45-54,"$70,000 to $79,999",Bachelor's degree in college (4-year),Man,White or European American,,I speak English fluently as a first language,Southern accent,,English,,English,,Missouri,,United States,,Missouri,Laptop/Computer with external microphone,,HyperX Cloud Stinger Core Headset,Daily or more,Daily or more,Very well,Not that I have found.,914
P0225,new_recruits,White,Male,non-SAE,True,True,wh_ma,True,45-54,"$100,000 to $149,999",Master's degree,Man,White or European American,,I speak English fluently as a first language,Southern accent,,English,,"Spanish,Other","Spanish, Dutch",Tennessee,,United States,,Tennessee,Tablet,,iPad 5,Only a few times,Only a few times,Moderately well,They sometimes miss words if I do not clearly enunciate. ,978
P0224,new_recruits,White,Male,SAE,True,True,wh_ma,True,25-34,"$30,000 to $39,999",High school graduate (high school diploma or equivalent including GED),Man,White or European American,,I speak English fluently as a first language,Standard American English,,English,,English,,Louisiana,,United States,,Louisiana,Smartphone,,Motorola g,"At least once per month, but not every week","At least once per week, but not every day",Very well,"Most of the time they work great, other times they fail to understand or properly give feedback despite the context given ",1009
P0212,new_recruits,White,Male,SAE,True,True,wh_ma,True,18-24,"$90,000 to $99,999",High school graduate (high school diploma or equivalent including GED),Man,White or European American,,I speak English fluently as a first language,Standard American English,,English,,English,,Texas,,United States,,Texas,Laptop/Computer with external microphone,,Hyper X Solocast,Daily or more,"At least once per week, but not every day",Very well,"not really, maybe sometimes they wont understand what i say, but for the most part they do",1272
P0222,new_recruits,White,Male,SAE,True,True,wh_ma,True,25-34,"$60,000 to $69,999",Some college but no degree,Man,White or European American,,I speak English fluently as a first language,Standard American English,,English,,English,,Michigan,,United States,,Michigan,Laptop/Computer with built-in microphone,,HP chromebook,Only a few times,Not at all,Moderately well,no,1226
P0235,new_recruits,White,Male,non-SAE,True,True,wh_ma,True,35-44,"$150,000 or more",Doctoral degree,Man,White or European American,,I speak English fluently as a first language,Midland or Northern Midwest accent,,English,,English,,Minnesota,,United States,,Minnesota,Smartphone,,Pixel 7,Only a few times,"At least once per week, but not every day",Slightly well,They have been a pain so I never use them ,829
P0200,new_recruits,White,Male,non-SAE,True,True,wh_ma,True,35-44,"$20,000 to $29,999",Associate degree in college (2-year),Man,White or European American,,I speak English fluently as a first language,Southern accent,,English,,English,,Hawaii,,United States,,Florida,Laptop/Computer with built-in microphone,,Asus Chromebook,"At least once per week, but not every day","At least once per week, but not every day",Moderately well,Sometime they get things wrong or they point to information from a bad source.,1089
P0217,new_recruits,White,Male,SAE,True,True,wh_ma,True,35-44,"$80,000 to $89,999",Bachelor's degree in college (4-year),Man,White or European American,,I speak English fluently as a first language,Standard American English,,English,,English,,Kansas,,United States,,"Kansas,Texas",Laptop/Computer with built-in microphone,,Lenovo 82C6,"At least once per week, but not every day","At least once per month, but not every week",Very well,Not that I can think of.,966
P0239,new_recruits,White,Male,SAE,True,True,wh_ma,True,35-44,"$60,000 to $69,999",Some college but no degree,Man,White or European American,,I speak English fluently as a first language,Standard American English,,English,,English,,Texas,,United States,,Texas,Smartphone,,iPhone 15 Pro,Not at all,Not at all,Moderately well,Often times Siri didn’t seem to hear me at all when I tried it. ,824
P0223,new_recruits,White,Male,non-SAE,True,True,wh_ma,True,25-34,"$40,000 to $49,999",Bachelor's degree in college (4-year),Man,White or European American,,I speak English fluently as a first language,New England accent,,French,,English,,Connecticut,,United States,,Connecticut,Laptop/Computer with built-in microphone,,macbookpro14,"At least once per week, but not every day","At least once per month, but not every week",Moderately well,not understanding my accent,1424
P0229,new_recruits,White,Male,SAE,True,True,wh_ma,True,25-34,"$100,000 to $149,999","Professional degree (JD, MD)",Man,White or European American,,I speak English fluently as a first language,Standard American English,,English,,English,,Wisconsin,,United States,,Wisconsin,Laptop/Computer with built-in microphone,,Lenovo Yoga,Daily or more,"At least once per week, but not every day",Slightly well,Unintentionally activating or misunderstanding my prompts/queries,968
P0247,new_recruits,White,Male,SAE,True,True,wh_ma,True,35-44,"$30,000 to $39,999",Bachelor's degree in college (4-year),Man,White or European American,,I speak English fluently as a first language,Standard American English,,English,,English,,Pennsylvania,,United States,,Pennsylvania,Laptop/Computer with external microphone,,Windows 11 Home PC,"At least once per month, but not every week","At least once per week, but not every day",Moderately well,sometimes it mixes up my words when I talk to it.,1154
P0204,new_recruits,White,Male,non-SAE,True,True,wh_ma,True,45-54,"$60,000 to $69,999",Bachelor's degree in college (4-year),Man,White or European American,,I speak English fluently as a first language,Southern accent,,English,,English,,Georgia,,United States,,Georgia,Laptop/Computer with built-in microphone,,ASUS C434T Chromebook,"At least once per week, but not every day","At least once per week, but not every day",Very well,"occasionally they do not understand me, but I would not necessarily say they underperform since people sometimes misunderstand as well",1303
P0198,new_recruits,White,Male,SAE,True,True,wh_ma,True,18-24,"$100,000 to $149,999",Bachelor's degree in college (4-year),Man,White or European American,,I speak English fluently as a first language,Standard American English,,English,,"English,Spanish",,Ohio,,United States,,Ohio,Smartphone,,iPhone 15 Plus,Daily or more,Daily or more,Moderately well,It doesn’t seem to give me the information I need or understand me when I’m trying to send a text,1077
P0242,new_recruits,White,Male,non-SAE,True,True,wh_ma,True,25-34,"$30,000 to $39,999",Less than high school degree,Man,White or European American,,I speak English fluently as a first language,Mid Atlantic accent,,English,,English,,New Jersey,,United States,,New Jersey,Smartphone,,iPhone 14 Pro ,"At least once per week, but not every day",Only a few times,Moderately well,"Alexa sometimes mishears me, not getting some words. ",1368
P0227,new_recruits,White,Male,SAE,True,True,wh_ma,True,45-54,"$100,000 to $149,999",High school graduate (high school diploma or equivalent including GED),Man,White or European American,,I speak English fluently as a first language,Standard American English,,English,,English,,New Jersey,,United States,,New Jersey,Smartphone,,Samsung Galaxy a15,Daily or more,Daily or more,Very well,"No, I have been very pleased",1452
P0249,new_recruits,White,Male,non-SAE,True,True,wh_ma,True,35-44,"$40,000 to $49,999",Bachelor's degree in college (4-year),Man,White or European American,,I speak English fluently as a first language,"Southern accent,Pacific Northwest accent",,English,,English,,Oregon,,United States,,Florida,Laptop/Computer with built-in microphone,,Lenovo ThinkPad X1 Yoga Gen 6,Daily or more,"At least once per week, but not every day",Moderately well,difficulty with homonyms,909
P0202,new_recruits,White,Male,non-SAE,True,True,wh_ma,True,25-34,"$100,000 to $149,999",Bachelor's degree in college (4-year),Man,White or European American,,I speak English fluently as a first language,"California accent,Standard American English",,English,,English,,California,,United States,,California,Laptop/Computer with built-in microphone,,HP Envy x360,Not at all,"At least once per week, but not every day",Slightly well,"I don't use them but on the rare occasions I did, they would sometimes misunderstand me.",1706
P0219,new_recruits,White,Male,SAE,True,True,wh_ma,True,55-64,"$150,000 or more",Master's degree,Man,White or European American,,I speak English fluently as a first language,Standard American English,,English,,English,,Illinois,,United States,,Illinois,Laptop/Computer with built-in microphone,,Dell Intel VPro Essentials,"At least once per week, but not every day",Daily or more,Moderately well,,1170
P0234,new_recruits,White,Male,non-SAE,True,True,wh_ma,True,45-54,"$20,000 to $29,999",Some college but no degree,Man,White or European American,,I speak English fluently as a first language,"Mid Atlantic accent,Standard American English",,English,,English,,Pennsylvania,,United States,,Pennsylvania,Laptop/Computer with built-in microphone,,HP laptop,"At least once per week, but not every day",Daily or more,Very well,sometimes siri doesn't understand me,1945
P0221,new_recruits,White,Male,non-SAE,True,True,wh_ma,True,35-44,"$90,000 to $99,999",Bachelor's degree in college (4-year),Man,White or European American,,I speak English fluently as a first language,Mid Atlantic accent,,English,,English,,New Jersey,,United States,,New Jersey,Laptop/Computer with built-in microphone,,Dell Vostro 3520,"At least once per month, but not every week",Daily or more,Moderately well,"It's useful sometimes, but i've had to say the same thing more than once too often for it to be a real value add for me",1020
P0231,new_recruits,White,Male,non-SAE,True,True,wh_ma,True,25-34,"$80,000 to $89,999",Some college but no degree,Man,Hispanic or Latino,,I speak English fluently as a first language,California accent,,Spanish,,"English,Spanish",,California,,United States,,California,Smartphone,,Samsung galaxy a14,"At least once per week, but not every day",Daily or more,Very well,No it was good,1366
P0209,new_recruits,White,Male,non-SAE,True,True,wh_ma,True,45-54,"$150,000 or more",Bachelor's degree in college (4-year),Man,White or European American,,I speak English fluently as a first language,Mid Atlantic accent,,English,,English,,Pennsylvania,,United States,,Pennsylvania,Laptop/Computer with built-in microphone,,Panasonic Toughbook CF-54,Daily or more,Daily or more,Extremely well,The AI used in Siri and Alexa is not as sophisticated as Chat GPT or Grok. ,1562
P0240,new_recruits,White,Male,SAE,True,True,wh_ma,True,45-54,"$30,000 to $39,999",High school graduate (high school diploma or equivalent including GED),Man,White or European American,,I speak English fluently as a first language,Standard American English,,English,,English,,Virginia,,United States,,Virginia,Laptop/Computer with external microphone,,Shure SM7B,Only a few times,Daily or more,Slightly well,not really,1010
P0213,new_recruits,White,Male,non-SAE,True,True,wh_ma,True,35-44,"$70,000 to $79,999",Bachelor's degree in college (4-year),Man,White or European American,,I speak English fluently as a first language,New England accent,,English,,English,,Massachusetts,,United States,,Massachusetts,Laptop/Computer with built-in microphone,,Macbook Air A1466,Only a few times,Only a few times,Slightly well,I feel like when searching for music and movies they have trouble with nuance,1711
P0211,new_recruits,White,Male,SAE,True,True,wh_ma,True,55-64,"$50,000 to $59,999",Associate degree in college (2-year),Man,White or European American,,I speak English fluently as a first language,Standard American English,,English,,English,,Florida,,United States,,Florida,Smartphone,,Motorola Moto g,"At least once per week, but not every day","At least once per week, but not every day",Moderately well,They have performed for the most part well for me. About the only times they have underperformed is when I kind of had some kind of lengthy speech that they may have lost some of the translation to or just misunderstood what I said but other than that it hasn't been bad.,1871
P0210,new_recruits,White,Male,non-SAE,True,True,wh_ma,True,45-54,"$80,000 to $89,999",Bachelor's degree in college (4-year),Man,White or European American,,I speak English fluently as a first language,Mid Atlantic accent,,English,,English,,New York,,United States,,New Jersey,Laptop/Computer with built-in microphone,,Lenovo 82QG,Not at all,Only a few times,Extremely well,"I have not used them often, but I have not encountered issues regarding their understanding of my speech.",1168
P0232,new_recruits,White,Male,non-SAE,True,True,wh_ma,True,45-54,"$30,000 to $39,999",High school graduate (high school diploma or equivalent including GED),Man,Hispanic or Latino,,I speak English fluently as a first language,"Latino, Hispanic, or Chicano English",,English,,Spanish,,California,,United States,,California,Laptop/Computer with built-in microphone,,lenovo laptop,"At least once per week, but not every day","At least once per week, but not every day",Very well,Sometimes it does not understand what i say,1339
P0244,new_recruits,White,Male,non-SAE,True,True,wh_ma,True,25-34,"$90,000 to $99,999",Bachelor's degree in college (4-year),Man,Hispanic or Latino,,I speak English fluently as a first language,"Latino, Hispanic, or Chicano English",,English,,English,,Colorado,,United States,,Arkansas,Laptop/Computer with external microphone,,fifine AM8T Gaming Microphone,Daily or more,Daily or more,Very well,Not always interpreting accurately. ,1227
P0248,new_recruits,White,Male,SAE,True,True,wh_ma,True,18-24,"$70,000 to $79,999",High school graduate (high school diploma or equivalent including GED),Man,White or European American,,I speak English fluently as a first language,Standard American English,,English,,English,,Minnesota,,United States,,Minnesota,Smartphone,,Samsung s24,"At least once per week, but not every day",Daily or more,Slightly well,Voice note sounding completely accurate ,1238
P0205,new_recruits,White,Male,SAE,True,True,wh_ma,True,25-34,"$50,000 to $59,999",Associate degree in college (2-year),Man,White or European American,,I speak English fluently as a first language,Standard American English,,English,,English,,Tennessee,,United States,,Illinois,Laptop/Computer with built-in microphone,,Lenovo ChromeBook,"At least once per week, but not every day","At least once per week, but not every day",Moderately well,Understanding certain words and also working fast enough.,1701
P0207,new_recruits,White,Male,SAE,True,True,wh_ma,True,35-44,"$30,000 to $39,999",Bachelor's degree in college (4-year),Man,White or European American,,I speak English fluently as a first language,Standard American English,,English,,Spanish,,Michigan,,United States,,Michigan,Laptop/Computer with external microphone,,DESKTOP- 9OG6P5S,"At least once per week, but not every day",Daily or more,Very well,none I can think of,1572
P0197,new_recruits,White,Male,SAE,True,True,wh_ma,True,35-44,"$100,000 to $149,999",Master's degree,Man,White or European American,,I speak English fluently as a first language,Standard American English,,English,,English,,Indiana,,United States,,Indiana,Laptop/Computer with built-in microphone,,Lenovo V15 G4 ABP,"At least once per week, but not every day",Daily or more,Extremely well,"Not to my experience
",1082
P0199,new_recruits,White,Male,non-SAE,True,True,wh_ma,True,65-74,"$80,000 to $89,999",Bachelor's degree in college (4-year),Man,White or European American,,I speak English fluently as a first language,New Orleans / Cajun accent,,English,,English,,Louisiana,,United States,,Louisiana,Tablet,,Galaxy Tab A8,Only a few times,"At least once per month, but not every week",Moderately well,No,1262
P0203,new_recruits,White,Male,non-SAE,True,True,wh_ma,True,35-44,"$150,000 or more","Professional degree (JD, MD)",Man,White or European American,,I speak English fluently as a first language,Midland or Northern Midwest accent,,English,,English,,Montana,,United States,,North Dakota,Laptop/Computer with external microphone,,Acer Aspire 3 15 PC with Jabra Link 370 headset,Only a few times,Only a few times,Very well,"No, they usually understand me as long as I speak clearly and not too fast.",1570
P0233,new_recruits,White,Male,non-SAE,True,True,wh_ma,True,25-34,"$100,000 to $149,999",Bachelor's degree in college (4-year),Man,"Hispanic or Latino,White or European American",,I speak English fluently as a first language,"Latino, Hispanic, or Chicano English,California accent",,English,,English,,California,,United States,,California,Laptop/Computer with external microphone,,Asus Predator,Daily or more,"At least once per week, but not every day",Extremely well,no,1080
P0193,new_recruits,White,Male,non-SAE,True,True,wh_ma,True,18-24,"$100,000 to $149,999",Some college but no degree,Man,White or European American,,I speak English fluently as a first language,Southern accent,,English,,English,,Georgia,,United States,,Georgia,Laptop/Computer with external microphone,,Predator P05-640,Only a few times,Daily or more,Not well at all,Much slower than any other system I have used,986
P0149,new_recruits,White,Female,SAE,True,True,wh_fe,True,25-34,"$100,000 to $149,999",Doctoral degree,Woman,White or European American,,I speak English fluently as a first language,Standard American English,,English,,English,,West Virginia,,United States,,Pennsylvania,Smartphone,,Samsung galaxy ,"At least once per month, but not every week","At least once per week, but not every day",Moderately well,,984
P0156,new_recruits,White,Female,SAE,True,True,wh_fe,True,25-34,"$60,000 to $69,999",Associate degree in college (2-year),Woman,White or European American,,I speak English fluently as a first language,Standard American English,,English,,English,,Ohio,,United States,,Ohio,Smartphone,,iPhone 14 Pro Max ,"At least once per week, but not every day",Daily or more,Very well,They don’t have access to some apps that would be beneficial to answering questions.,999
P0158,new_recruits,White,Female,non-SAE,True,True,wh_fe,True,35-44,"$100,000 to $149,999",Bachelor's degree in college (4-year),Woman,White or European American,,I speak English fluently as a first language,"New England accent,Standard American English",,English,,English,,New York,,United States,,"New York,Rhode Island",Smartphone,,Samsung S10e,Daily or more,Daily or more,Extremely well,"No, theu usually perform as expected ",996
P0196,new_recruits,White,Male,non-SAE,True,True,wh_ma,True,25-34,"$80,000 to $89,999",Bachelor's degree in college (4-year),Man,White or European American,,I speak English fluently as a first language,"California accent,Standard American English",,English,,English,,California,,United States,,California,Laptop/Computer with external microphone,,"MacBook Pro, 2019 with Apple AirPods 4","At least once per week, but not every day","At least once per week, but not every day",Very well,The only way they have underperformed is by not being able to perform the task I ask.,1463
P0177,new_recruits,White,Female,SAE,True,True,wh_fe,True,25-34,"$50,000 to $59,999",High school graduate (high school diploma or equivalent including GED),Woman,White or European American,,I speak English fluently as a first language,Standard American English,,English,,English,,California,,United States,,California,Smartphone,,iPhone 13 Pro Max ,Daily or more,Daily or more,Moderately well,,1048
P0154,new_recruits,White,Female,non-SAE,True,True,wh_fe,True,35-44,"$40,000 to $49,999",Bachelor's degree in college (4-year),Woman,White or European American,,I speak English fluently as a first language,"Southern accent,Midland or Northern Midwest accent",,English,,English,,Texas,,United States,,Missouri,Laptop/Computer with external microphone,,Lenovo Ideapad 3,"At least once per month, but not every week",Daily or more,Very well,"No, they have all understood me pretty well. ",1032
P0172,new_recruits,White,Female,SAE,True,True,wh_fe,True,35-44,"$150,000 or more",Associate degree in college (2-year),Woman,"Native American or Alaska Native,White or European American",,I speak English fluently as a first language,Standard American English,,English,,English,,Pennsylvania,,United States,,"Georgia,Maryland,Pennsylvania",Smartphone,,Samsung Galaxy s25 ultra,Daily or more,Daily or more,Moderately well,Gemini often misunderstands what I'm saying and gives me advise or answers based on the misunderstanding. ,1175
P0165,new_recruits,White,Female,SAE,True,True,wh_fe,True,35-44,"$60,000 to $69,999",Some college but no degree,Woman,White or European American,,I speak English fluently as a first language,Standard American English,,English,,English,,Pennsylvania,,United States,,Pennsylvania,Laptop/Computer with built-in microphone,,DELL INSPRION,Daily or more,"At least once per week, but not every day",Extremely well,"Yes, not understanding what I am saying. Having too much noise around them such as the tv or air conditioner.",1037
P0167,new_recruits,White,Female,non-SAE,True,True,wh_fe,True,25-34,"$10,000 to $19,999",Bachelor's degree in college (4-year),Woman,White or European American,,I speak English fluently as a first language,Pacific Northwest accent,,English,,English,,Washington,,United States,,Washington,Laptop/Computer with built-in microphone,,Macbook Air,Not at all,Only a few times,Moderately well,,914
P0171,new_recruits,White,Female,non-SAE,True,True,wh_fe,True,25-34,"$150,000 or more",Bachelor's degree in college (4-year),Woman,White or European American,,I speak English fluently as a first language,New England accent,,English,,"English,Portuguese",,Vermont,,United States,,Massachusetts,Smartphone,,iPhone 16,"At least once per month, but not every week","At least once per month, but not every week",Moderately well,I sometimes speak quickly and they do not accurately pick up on what I say. ,987
P0082,new_recruits,Black,Male,SAE,True,True,bl_ma,True,45-54,"$100,000 to $149,999",Bachelor's degree in college (4-year),Man,Black or African American,,I speak English fluently as a first language,Standard American English,,English,,"English,Spanish",,California,,United States,,North Carolina,Laptop/Computer with external microphone,,AsusTeK ,"At least once per month, but not every week",Daily or more,Moderately well,"I've never used Siri but the others have performed ""ok.""",1200
P0191,new_recruits,White,Female,SAE,True,True,wh_fe,True,45-54,"$50,000 to $59,999",High school graduate (high school diploma or equivalent including GED),Woman,White or European American,,I speak English fluently as a first language,Standard American English,,English,,English,,Tennessee,,United States,,Missouri,Tablet,,On 13,Not at all,"At least once per week, but not every day",Moderately well,No,1178
P0155,new_recruits,White,Female,SAE,True,True,wh_fe,True,25-34,"$90,000 to $99,999",Bachelor's degree in college (4-year),Woman,Hispanic or Latino,,I speak English fluently as a first language,Standard American English,,English,,"English,Spanish",,Illinois,,United States,,Illinois,Smartphone,,iPhone 13,Daily or more,Daily or more,Very well,They confuse some of the things I say,1009
P0166,new_recruits,White,Female,SAE,True,True,wh_fe,True,35-44,"$50,000 to $59,999",Some college but no degree,Woman,White or European American,,I speak English fluently as a first language,Standard American English,,English,,English,,Oklahoma,,United States,,Texas,Smartphone,,Motorola g play ,"At least once per week, but not every day",Not at all,Very well,I can't get my echo show to display the time on the display and that frustrates me also whenever Alexa doesn't hear me also whenever they provide unwanted up sales,1258
P0153,new_recruits,White,Female,non-SAE,True,True,wh_fe,True,35-44,"$150,000 or more",Bachelor's degree in college (4-year),Woman,White or European American,,I speak English fluently as a second or additional language,"Any non-American accent (British, European, Asian, African, etc)",Eastern European (Bulgarian),Other,Bulgarian,"English,German,Russian,Other","Bulgarian, Croatian",Texas,,Other (Please specify),Bulgaria,,Laptop/Computer with external microphone,,Dell Latitude 7420,Daily or more,"At least once per week, but not every day",Very well,"I feel like sometimes when I request a song on Alexa, she doesn't understand me.",1240
P0161,new_recruits,White,Female,non-SAE,True,True,wh_fe,True,55-64,"$40,000 to $49,999",Bachelor's degree in college (4-year),Woman,White or European American,,I speak English fluently as a first language,California accent,,English,,English,,California,,United States,,California,Smartphone,,iPhone 16,"At least once per week, but not every day","At least once per week, but not every day",Moderately well,When I don’t speak clearly ,1198
P0148,new_recruits,White,Female,SAE,True,True,wh_fe,True,35-44,"$100,000 to $149,999",Some college but no degree,Woman,White or European American,,I speak English fluently as a first language,Standard American English,,English,,English,,Texas,,United States,,Texas,Laptop/Computer with built-in microphone,,iPhone 15,Not at all,Daily or more,Not well at all,No.,1059
P0150,new_recruits,White,Female,SAE,True,True,wh_fe,True,55-64,"$50,000 to $59,999",Bachelor's degree in college (4-year),Woman,White or European American,,I speak English fluently as a first language,Standard American English,,English,,English,,California,,United States,,New Jersey,Smartphone,,Iphone 16,Daily or more,Daily or more,Very well,I would say the only time they’ve underperformed is when they just don’t have the answer,1241
P0186,new_recruits,White,Female,non-SAE,True,True,wh_fe,True,25-34,"$100,000 to $149,999",Some college but no degree,Woman,White or European American,,I speak English fluently as a first language,California accent,,English,,English,,California,,United States,,California,Smartphone,,Samsung galaxy 26 ultra,Daily or more,Daily or more,Very well,No they been pretty good really haven't had any issues,1416
P0140,new_recruits,White,Female,SAE,True,True,wh_fe,True,25-34,"$70,000 to $79,999",Master's degree,Woman,White or European American,,I speak English fluently as a first language,Standard American English,,English,,English,,Virginia,,United States,,Ohio,Laptop/Computer with built-in microphone,,Lenovo chromebook,Only a few times,"At least once per month, but not every week",Moderately well,not hearing or constantly misunderstanding,1501
P0170,new_recruits,White,Female,non-SAE,True,True,wh_fe,True,35-44,I prefer not to answer,Associate degree in college (2-year),Woman,White or European American,,I speak English fluently as a first language,"California accent,Standard American English",,English,,English,,Washington,,United States,,California,Laptop/Computer with built-in microphone,,Apple A18 Pro,Daily or more,Daily or more,Moderately well,They mishear me or misunderstand me. Sometimes when I'm being silly they just straight up ignore me lol,1500
P0188,new_recruits,White,Female,non-SAE,True,True,wh_fe,True,45-54,"$20,000 to $29,999",High school graduate (high school diploma or equivalent including GED),Woman,White or European American,,I speak English fluently as a first language,Southern accent,,English,,English,,South Carolina,,United States,,South Carolina,Laptop/Computer with built-in microphone,,13 inch 2025 macbook pro,"At least once per week, but not every day","At least once per month, but not every week",Very well,they are sometimes unable to understand my southern accent. ,1060
P0195,new_recruits,White,Male,non-SAE,True,True,wh_ma,True,45-54,"$20,000 to $29,999",High school graduate (high school diploma or equivalent including GED),Man,White or European American,,I speak English fluently as a first language,Southern accent,,English,,English,,Tennessee,,United States,,Tennessee,Smartphone,,LGV60,"At least once per week, but not every day","At least once per week, but not every day",Very well,no,1283
P0192,new_recruits,White,Female,non-SAE,True,True,wh_fe,True,25-34,"$10,000 to $19,999",Bachelor's degree in college (4-year),Woman,White or European American,,I speak English fluently as a first language,Southern accent,,English,,English,,Alabama,,United States,,"Alabama,Georgia",Laptop/Computer with external microphone,,desktop,Daily or more,Daily or more,Extremely well,no,1207
P0141,new_recruits,White,Female,non-SAE,True,True,wh_fe,True,18-24,"$90,000 to $99,999",Bachelor's degree in college (4-year),Woman,White or European American,,I speak English fluently as a first language,Midland or Northern Midwest accent,,English,,English,,Illinois,,United States,,Missouri,Laptop/Computer with built-in microphone,,MacBook Air 1.1 GHz Dual-Core Intel Core i3,"At least once per week, but not every day","At least once per week, but not every day",Moderately well,"Sometimes it seems like I have to shout for Siri to understand me, especially if it’s coming through my car stereo. ",1154
P0218,new_recruits,White,Male,SAE,True,True,wh_ma,True,25-34,"$100,000 to $149,999",Associate degree in college (2-year),Man,White or European American,,I speak English fluently as a first language,Standard American English,,English,,English,,Oregon,,United States,,"Hawaii,Illinois",Laptop/Computer with built-in microphone,,Apple MacBook Pro M1 2020,"At least once per week, but not every day","At least once per week, but not every day",Slightly well,I often find that I need to repeat my input instructions multiple times or in several different ways in order for the output to align with what I wanted in the first place. The tech is still in its infancy so this is to be expected.,3535
P0146,new_recruits,White,Female,SAE,True,True,wh_fe,True,45-54,"$150,000 or more",Some college but no degree,Woman,White or European American,,I speak English fluently as a first language,Standard American English,,English,,English,,Colorado,,United States,,"California,New York",Laptop/Computer with built-in microphone,,MacBook Air,Daily or more,Daily or more,Very well,no - I love them! (and build them!),1117
P0176,new_recruits,White,Female,non-SAE,True,True,wh_fe,True,25-34,"$50,000 to $59,999",Bachelor's degree in college (4-year),Woman,White or European American,,I speak English fluently as a first language,New Orleans / Cajun accent,,English,,English,,Louisiana,,United States,,Louisiana,Laptop/Computer with external microphone,,Lenovo Ideapad Gaming Laptop with Razr Kitty Kraken headphones and mic. ,Only a few times,Daily or more,Moderately well,"I feel like they don't always catch my words correctly, maybe my Cajun accent doesn't help. ",1268
P0087,new_recruits,Black,Male,non-SAE,True,True,bl_ma,True,25-34,"$90,000 to $99,999",Some college but no degree,Man,Black or African American,,I speak English fluently as a first language,"African American English,Midland or Northern Midwest accent,Standard American English",,English,,"English,Spanish",,Ohio,,United States,,Ohio,Laptop/Computer with external microphone,,Lenovo Legion 7,Daily or more,Daily or more,Extremely well,It occasionally misunderstands a word or 2. ,1500
P0181,new_recruits,White,Female,non-SAE,True,True,wh_fe,True,45-54,"$90,000 to $99,999",Some college but no degree,Woman,White or European American,,I speak English fluently as a first language,Midland or Northern Midwest accent,,English,,English,,Indiana,,United States,,Ohio,Smartphone,,S23+,Daily or more,Daily or more,Moderately well,I pause in my speech a lot.  There should be an option that doesn't send until I send a signal that I'm finished. ,1104
P0183,new_recruits,White,Female,SAE,True,True,wh_fe,True,35-44,"$60,000 to $69,999",Some college but no degree,Woman,White or European American,,I speak English fluently as a first language,Standard American English,,English,,English,,Missouri,,United States,,Illinois,Laptop/Computer with built-in microphone,,HP Laptop 15- fc0xxx,"At least once per month, but not every week","At least once per week, but not every day",Very well,Mostly just misunderstanding certain words that I've said.,1340
P0136,new_recruits,White,Female,non-SAE,True,True,wh_fe,True,18-24,"$70,000 to $79,999",High school graduate (high school diploma or equivalent including GED),Woman,White or European American,,I speak English fluently as a first language,Midland or Northern Midwest accent,,English,,English,,Utah,,United States,,Utah,Laptop/Computer with external microphone,,OMEN desktop,"At least once per week, but not every day","At least once per week, but not every day",Slightly well,sometimes she doesnt understand me,916
P0145,new_recruits,White,Female,SAE,True,True,wh_fe,True,25-34,"$10,000 to $19,999",Some college but no degree,Woman,White or European American,,I speak English fluently as a first language,Standard American English,,English,,English,,Virginia,,United States,,Michigan,Laptop/Computer with external microphone,,"Custom built Computer, RTX3080 with a Steel Series Pro Headset",Daily or more,Daily or more,Very well,Asking general questions like help with recipes or having basic conversation outside of tasks.,1001
P0179,new_recruits,White,Female,SAE,True,True,wh_fe,True,35-44,"$100,000 to $149,999",High school graduate (high school diploma or equivalent including GED),Woman,White or European American,,I speak English fluently as a first language,Standard American English,,English,,English,,Georgia,,United States,,Georgia,Smartphone,,Samsung Galaxy S25 Ultra,Daily or more,"At least once per week, but not every day",Extremely well,"Occasionally, they misinterpret my commands",1191
P0190,new_recruits,White,Female,SAE,True,True,wh_fe,True,18-24,"$100,000 to $149,999",Some college but no degree,Woman,White or European American,,I speak English fluently as a first language,Standard American English,,English,,English,,New York,,United States,,Illinois,Smartphone,,iPhone 16,Not at all,"At least once per month, but not every week",Moderately well,"Not recognizing or misunderstanding speech, cutting me off to respond if I pause too long ",531
P0137,new_recruits,White,Female,SAE,True,True,wh_fe,True,55-64,"$30,000 to $39,999",Associate degree in college (2-year),Woman,White or European American,,I speak English fluently as a first language,Standard American English,,English,,"English,Spanish",,California,,United States,,California,Laptop/Computer with built-in microphone,,HP 7000 series ...I think,"At least once per month, but not every week","At least once per week, but not every day",Moderately well,Occasionally  the response is so random,1459
P0163,new_recruits,White,Female,non-SAE,True,True,wh_fe,True,45-54,"$70,000 to $79,999",High school graduate (high school diploma or equivalent including GED),Woman,White or European American,,I speak English fluently as a first language,California accent,,English,,English,,California,,United States,,Pennsylvania,Smartphone,,Samsung Galaxy a14,"At least once per week, but not every day","At least once per week, but not every day",Very well,No none that I can think of.,1550
P0159,new_recruits,White,Female,non-SAE,True,True,wh_fe,True,35-44,"$150,000 or more",Associate degree in college (2-year),Woman,White or European American,,I speak English fluently as a first language,New England accent,,English,,English,,California,,United States,,New York,Smartphone,,IPhone 14,Daily or more,Daily or more,Moderately well,"
Sometimes they don't listen fully when I pause to think about what I want to say. ",846
P0126,new_recruits,Black,Male,non-SAE,True,True,bl_ma,True,18-24,"$50,000 to $59,999",High school graduate (high school diploma or equivalent including GED),Man,Black or African American,,I speak English fluently as a first language,African American English,,Other,english,English,,California,,United States,,California,Smartphone,,samsung galaxy a16,"At least once per week, but not every day","At least once per week, but not every day",Very well,nothing in particular,1551
P0194,new_recruits,White,Male,non-SAE,True,True,wh_ma,True,25-34,"$50,000 to $59,999",High school graduate (high school diploma or equivalent including GED),Man,Hispanic or Latino,,I speak English fluently as a first language,"Latino, Hispanic, or Chicano English",,"English,Spanish",,English,,Texas,,United States,,Texas,Laptop/Computer with external microphone,,Dualsense wireless controller(ps5 controller),Daily or more,Daily or more,Extremely well,I  still have trouble with Gemini. It has trouble recognizing my speech. ,1004
P0063,new_recruits,Black,Female,SAE,True,True,bl_fe,True,35-44,"$90,000 to $99,999",Bachelor's degree in college (4-year),Woman,Black or African American,,I speak English fluently as a first language,Standard American English,,English,,English,,Indiana,,United States,,Illinois,Smartphone,,Samsung,"At least once per week, but not every day","At least once per week, but not every day",Very well,,1549
P0080,new_recruits,Black,Male,non-SAE,True,True,bl_ma,True,45-54,"$60,000 to $69,999",Bachelor's degree in college (4-year),Man,Black or African American,,I speak English fluently as a first language,"African American English,Southern accent",,English,,English,,Oklahoma,,United States,,Oklahoma,Laptop/Computer with built-in microphone,,Microsoft surface pro 11,Daily or more,Daily or more,Extremely well,none,1171
P0142,new_recruits,White,Female,non-SAE,True,True,wh_fe,True,25-34,"$100,000 to $149,999",Bachelor's degree in college (4-year),Woman,White or European American,,I speak English fluently as a first language,California accent,,English,,English,,California,,United States,,California,Laptop/Computer with built-in microphone,,MacBook Air Apple M1,"At least once per week, but not every day","At least once per week, but not every day",Moderately well,siri,1149
P0184,new_recruits,White,Female,non-SAE,True,True,wh_fe,True,55-64,"$40,000 to $49,999",Bachelor's degree in college (4-year),Woman,White or European American,,I speak English fluently as a first language,Mid Atlantic accent,,English,,English,,Maine,,United States,,New Jersey,Laptop/Computer with external microphone,,Wireless Headphone with Flexible Mic. Item: VWC105. In the settings it says: WFH-V1,Only a few times,Daily or more,Not well at all,"When asking Siri for information, even something simple like directions there is a chance to do my muffling and mumbling and volume simply does not seem able to understand what I'm asking.",1775
P0152,new_recruits,White,Female,SAE,True,True,wh_fe,True,35-44,"$70,000 to $79,999",Master's degree,Woman,White or European American,,I speak English fluently as a first language,Standard American English,,English,,Spanish,,New Jersey,,United States,,Ohio,Laptop/Computer with built-in microphone,,Lenovo Ideapad,Only a few times,"At least once per week, but not every day",Slightly well,"Yes, sometimes they do not understand the question I am asking and give an unrelated or incorrect answer.",1063
P0238,new_recruits,White,Male,SAE,True,True,wh_ma,True,25-34,"$90,000 to $99,999",Some college but no degree,Man,White or European American,,I speak English fluently as a first language,Standard American English,,English,,English,,Texas,,United States,,Texas,Smartphone,,iPhone 13,"At least once per month, but not every week",Daily or more,Moderately well,Sometimes not getting everything I say accurately.,1235
P0182,new_recruits,White,Female,SAE,True,True,wh_fe,True,25-34,"$90,000 to $99,999",Bachelor's degree in college (4-year),Woman,White or European American,,I speak English fluently as a second or additional language,Standard American English,,"English,Polish",,"English,Polish",,Illinois,,United States,,Illinois,Smartphone,,iPhone 13,"At least once per week, but not every day","At least once per month, but not every week",Moderately well,"There are times where the question appears to be very direct, but the speech assistants hear something else and provide wrong answers. ",1573
P0056,new_recruits,Black,Female,SAE,True,True,bl_fe,True,25-34,"$90,000 to $99,999",Bachelor's degree in college (4-year),Woman,"Black or African American,Native Hawaiian or Other Pacific Islander",,I speak English fluently as a first language,Standard American English,,"English,Japanese",,English,,New York,,United States,,New York,Smartphone,,Iphone 15,Daily or more,"At least once per week, but not every day",Moderately well,"They often misunderstand what I’m saying, especially with background noise or if I phrase something differently. Sometimes the responses feel off or too limited, which can get frustrating.",945
P0178,new_recruits,White,Female,non-SAE,True,True,wh_fe,True,35-44,"$10,000 to $19,999",Less than high school degree,Woman,White or European American,,I speak English fluently as a first language,Southern accent,,English,,English,,Virginia,,United States,,Virginia,Smartphone,,Samsung galaxy a26,"At least once per week, but not every day",Only a few times,Very well,Sometimes they are inaccurate ,1008
P0104,new_recruits,Black,Male,non-SAE,True,True,bl_ma,True,18-24,"$100,000 to $149,999",Some college but no degree,Man,Black or African American,,I speak English fluently as a first language,"Southern accent,Standard American English",,English,,English,,Texas,,United States,,Texas,Laptop/Computer with built-in microphone,,Lenovo IdeaPad Gaming 3,Daily or more,"At least once per month, but not every week",Moderately well,"Just not responding, or blatantly misinterpreting.",1068
P0054,new_recruits,Black,Female,non-SAE,True,True,bl_fe,True,25-34,"$50,000 to $59,999",Some college but no degree,Woman,Black or African American,,I speak English fluently as a first language,"African American English,Standard American English",,English,,English,,New York,,United States,,New York,Smartphone,,iPhone 14 Plus ,Daily or more,Daily or more,Extremely well,,731
P0040,new_recruits,Black,Female,non-SAE,True,True,bl_fe,True,55-64,"$100,000 to $149,999",Master's degree,Woman,Black or African American,,I speak English fluently as a first language,African American English,,English,,English,,Illinois,,United States,,Illinois,Laptop/Computer with built-in microphone,,Apple MacBook Air Model A2337,Daily or more,Daily or more,Very well,I have had to call the name more than once to get it started.,1788
P0206,new_recruits,White,Male,SAE,True,True,wh_ma,True,25-34,"$20,000 to $29,999",Bachelor's degree in college (4-year),Man,White or European American,,I speak English fluently as a first language,Standard American English,,English,,English,,Florida,,United States,,Florida,Laptop/Computer with external microphone,,Windows 11 PC ,Not at all,Daily or more,Slightly well,"Google Assistant has misunderstood me mildly a few times, including thinking I am talking to it but getting what I said correct and also getting what I said wrong while I was addressing it.",1473
P0029,new_recruits,Black,Female,non-SAE,True,True,bl_fe,True,35-44,"Less than $10,000",Master's degree,Woman,Black or African American,,I speak English fluently as a first language,African American English,,English,,English,,Georgia,,United States,,Georgia,Smartphone,,Samsung galaxy 10,Only a few times,"At least once per month, but not every week",Very well,Sometimes they don't always catch what your saying and that can be frustrating.,1357
P0115,new_recruits,Black,Male,non-SAE,True,True,bl_ma,True,25-34,"$50,000 to $59,999",Bachelor's degree in college (4-year),Man,Black or African American,,I speak English fluently as a first language,African American English,,English,,English,,Ohio,,United States,,New York,Laptop/Computer with built-in microphone,,I used a Samsung Galaxy Book 4 pro,"At least once per month, but not every week",Daily or more,Very well,No specific ways.,844
P0048,new_recruits,Black,Female,non-SAE,True,True,bl_fe,True,18-24,"$20,000 to $29,999",Some college but no degree,Woman,Black or African American,,I speak English fluently as a first language,"Standard American English,Other","Sometimes, I use Antiguan creole English dialect",English,,English,,Alabama,,United States,,"Alabama,Florida,North Carolina,Virginia",Smartphone,,Samsung Galaxy A15,Not at all,"At least once per week, but not every day",Moderately well,I dont use voice assistant ,1350
P0147,new_recruits,White,Female,SAE,True,True,wh_fe,True,35-44,"$100,000 to $149,999",Master's degree,Woman,White or European American,,I speak English fluently as a first language,Standard American English,,English,,English,,Texas,,Other (Please specify),Germany,,Smartphone,,Iphone 15,Daily or more,Daily or more,Very well,Not really,538
P0214,new_recruits,White,Male,non-SAE,True,True,wh_ma,True,35-44,"$100,000 to $149,999",Some college but no degree,Man,White or European American,,I speak English fluently as a first language,Pacific Northwest accent,,English,,English,,Washington,,United States,,Washington,Laptop/Computer with built-in microphone,,Dynabook Tecra A40-K,"At least once per month, but not every week","At least once per week, but not every day",Moderately well,Yeah there have been times when they haven't picked up a word that I said and input the wrong thing.,3192
P0139,new_recruits,White,Female,non-SAE,True,True,wh_fe,True,45-54,"$100,000 to $149,999","Professional degree (JD, MD)",Woman,White or European American,,I speak English fluently as a first language,Midland or Northern Midwest accent,,English,,English,,Nevada,,United States,,Wisconsin,Smartphone,,Samsung Galaxy S23,"At least once per week, but not every day",Daily or more,Moderately well,They don't understand my question,1415
P0027,new_recruits,Black,Female,non-SAE,True,True,bl_fe,True,18-24,"$10,000 to $19,999",Associate degree in college (2-year),Woman,"Asian or Asian American,Black or African American",,I speak English fluently as a second or additional language,"African American English,Standard American English,Any non-American accent (British, European, Asian, African, etc)","coastal southern
","English,Tagalog",,"English,Tagalog",,Florida,,United States,,"Florida,Georgia",Laptop/Computer with built-in microphone,,"HP Laptop 15
","At least once per week, but not every day","At least once per month, but not every week",Very well,no,1538
P0032,new_recruits,Black,Female,SAE,True,True,bl_fe,True,25-34,"$50,000 to $59,999",High school graduate (high school diploma or equivalent including GED),Woman,Black or African American,,I speak English fluently as a first language,Standard American English,,English,,English,,Illinois,,United States,,Illinois,Laptop/Computer with built-in microphone,,Samsung google chrome laptop,"At least once per week, but not every day",Only a few times,Very well,sometimes they do not capture what i said right,1515
P0041,new_recruits,Black,Female,non-SAE,True,True,bl_fe,True,25-34,"$30,000 to $39,999",Master's degree,Woman,Black or African American,,I speak English fluently as a first language,"African American English,Standard American English",,English,,English,,Kentucky,,United States,,Kentucky,Laptop/Computer with built-in microphone,,macbook pro (Nov 2023).,Only a few times,"At least once per week, but not every day",Very well,not that i can think of.,1690
P0055,new_recruits,Black,Female,SAE,True,True,bl_fe,True,45-54,"$60,000 to $69,999",Some college but no degree,Woman,Black or African American,,I speak English fluently as a first language,Standard American English,,English,,English,,Alabama,,United States,,Alabama,Smartphone,,iPhone 17 pro,"At least once per month, but not every week","At least once per week, but not every day",Very well,Sometimes they don’t recognize my voice ,1640
P0151,new_recruits,White,Female,SAE,True,True,wh_fe,True,35-44,"$40,000 to $49,999",Bachelor's degree in college (4-year),Woman,White or European American,,I speak English fluently as a first language,Standard American English,,English,,English,,Tennessee,,United States,,Tennessee,Smartphone,,Samsung galaxy A14,Only a few times,Only a few times,Moderately well,None that i can think of. ,1223
P0185,new_recruits,White,Female,SAE,True,True,wh_fe,True,55-64,"$150,000 or more",Some college but no degree,Woman,White or European American,,I speak English fluently as a first language,Standard American English,,English,,English,,Michigan,,United States,,Michigan,Laptop/Computer with built-in microphone,,ASUS Chromebook CX15,Daily or more,Daily or more,Moderately well,"yes whenever the internet goes out, it won't perform",2867
P0173,new_recruits,White,Female,non-SAE,True,True,wh_fe,True,35-44,"$70,000 to $79,999",Bachelor's degree in college (4-year),Woman,"Hispanic or Latino,White or European American",,I speak English fluently as a first language,California accent,,English,,English,,California,,United States,,California,Smartphone,,iPhone 16 plus,"At least once per week, but not every day","At least once per week, but not every day",Very well,I can’t think of any. They seem to be very responsive to my voice.,1389
P0160,new_recruits,White,Female,non-SAE,True,True,wh_fe,True,35-44,"$150,000 or more",Master's degree,Woman,White or European American,,I speak English fluently as a first language,Midland or Northern Midwest accent,,English,,English,,Ohio,,United States,,Ohio,Laptop/Computer with built-in microphone,,Apple MacBook Air ,Daily or more,"At least once per week, but not every day",Moderately well,,840
P0157,new_recruits,White,Female,non-SAE,True,True,wh_fe,True,35-44,"$70,000 to $79,999",Associate degree in college (2-year),Woman,White or European American,,I speak English fluently as a first language,Southern accent,,English,,English,,Tennessee,,United States,,Tennessee,Smartphone,,iPhone 16,"At least once per week, but not every day",Only a few times,Moderately well,They don’t pronounce my name correctly so I have to misspell my name for the system to read it back correctly. ,1036
P0174,new_recruits,White,Female,SAE,True,True,wh_fe,True,35-44,"$50,000 to $59,999",Associate degree in college (2-year),Woman,White or European American,,I speak English fluently as a first language,Standard American English,,English,,Spanish,,Nebraska,,United States,,"Colorado,Michigan,Nebraska",Laptop/Computer with built-in microphone,,Lenovo Loq,Daily or more,Only a few times,Very well,Sometimes when I use talk to text on my android it completely changes what I said,1100
P0220,new_recruits,White,Male,SAE,True,True,wh_ma,True,55-64,"$30,000 to $39,999",Bachelor's degree in college (4-year),Man,White or European American,,I speak English fluently as a first language,Standard American English,,English,,English,,Texas,,United States,,Michigan,Laptop/Computer with built-in microphone,,Hewlett packard is all I know,"At least once per week, but not every day","At least once per week, but not every day",Very well,not at all,1477
P0125,new_recruits,Black,Male,non-SAE,True,True,bl_ma,True,35-44,"$40,000 to $49,999",Some college but no degree,Man,Black or African American,,I speak English fluently as a first language,"African American English,Southern accent",,English,,English,,Texas,,United States,,"Alabama,Georgia",Laptop/Computer with external microphone,,dell hp,"At least once per week, but not every day",Daily or more,Very well,no,2200
P0245,new_recruits,White,Male,SAE,True,True,wh_ma,True,55-64,"$150,000 or more",Bachelor's degree in college (4-year),Man,White or European American,,I speak English fluently as a first language,Standard American English,,English,,English,,Arizona,,United States,,"California,Ohio,Pennsylvania,Texas",Laptop/Computer with built-in microphone,,HP Elitebook 645 G11,"At least once per week, but not every day","At least once per week, but not every day",Very well,"My wife has a foreign name, and it has difficulty determining it when I speak it.",1024
P0051,new_recruits,Black,Female,non-SAE,True,True,bl_fe,True,18-24,"$50,000 to $59,999",High school graduate (high school diploma or equivalent including GED),Woman,Black or African American,,I speak English fluently as a first language,"California accent,Standard American English",,English,,English,,Georgia,,United States,,California,Smartphone,,iPhone 15,"At least once per week, but not every day","At least once per week, but not every day",Very well,Siri may have not given the information I was looking for. ,1089
P0028,new_recruits,Black,Female,non-SAE,True,True,bl_fe,True,25-34,"$150,000 or more",Bachelor's degree in college (4-year),Woman,Black or African American,,I speak English fluently as a second or additional language,"Any non-American accent (British, European, Asian, African, etc)",African(kenyan),Other,Swahili,English,,California,,United States,,California,Smartphone,,Iphone 17 pro max ,Daily or more,Daily or more,Extremely well,Yes,1935
P0001,new_recruits,Black,Female,non-SAE,True,True,bl_fe,True,25-34,"$70,000 to $79,999",Bachelor's degree in college (4-year),Woman,Black or African American,,I speak English fluently as a first language,Southern accent,,English,,English,,Tennessee,,United States,,Tennessee,Laptop/Computer with built-in microphone,,HP COCL9UA,Daily or more,"At least once per week, but not every day",Very well,I have not encountered any specific ways that speech based systems have left me feeling like they underperformed for me.,2210
P0084,new_recruits,Black,Male,non-SAE,True,True,bl_ma,True,25-34,"$50,000 to $59,999",Bachelor's degree in college (4-year),Man,Black or African American,,I speak English fluently as a first language,African American English,,English,,English,,California,,United States,,Pennsylvania,Laptop/Computer with built-in microphone,,Asus Vivobook 15,"At least once per month, but not every week",Daily or more,Very well,None that I can know of. Maybe the occasion of it not being able to understand what I said but that is rare.,1073
P0201,new_recruits,White,Male,SAE,True,True,wh_ma,True,35-44,"$20,000 to $29,999",Some college but no degree,Man,White or European American,,I speak English fluently as a first language,Standard American English,,English,,English,,Ohio,,United States,,Missouri,Laptop/Computer with external microphone,,MSI Thin 15 B13VF with Bose Quiet Comfort II headphones,Only a few times,"At least once per week, but not every day",Moderately well,Google Assistant often doesn't seem to understand me and thinks I'm saying something else,1398
P0144,new_recruits,White,Female,SAE,True,True,wh_fe,True,35-44,"$60,000 to $69,999",Bachelor's degree in college (4-year),Woman,White or European American,,I speak English fluently as a first language,Standard American English,,English,,English,,North Carolina,,United States,,North Carolina,Laptop/Computer with built-in microphone,,HP Computer,"At least once per week, but not every day","At least once per week, but not every day",Very well,I have had Alexa to underperform and I would have to repeat myself multiple times for her to understand what I was saying.,1073
P0230,new_recruits,White,Male,SAE,True,True,wh_ma,True,35-44,"$40,000 to $49,999",Associate degree in college (2-year),Man,White or European American,,I speak English fluently as a first language,Standard American English,,English,,English,,New York,,United States,,New York,Laptop/Computer with built-in microphone,,Dell 14 Plus 2 in 1,"At least once per week, but not every day",Daily or more,Very well,Sometimes they dont understand what im saying correctly.,915
P0021,new_recruits,Black,Female,non-SAE,True,True,bl_fe,True,35-44,"$70,000 to $79,999",Master's degree,Woman,Black or African American,,I speak English fluently as a second or additional language,"African American English,New England accent",,Other,Swahili,English,,New York,,"United States,Other (Please specify)",Tanzania ,New York,Laptop/Computer with external microphone,,Lenovo,"At least once per week, but not every day",Daily or more,Very well,No,1923
P0008,new_recruits,Black,Female,non-SAE,True,True,bl_fe,True,25-34,"$70,000 to $79,999",Master's degree,Woman,Black or African American,,I speak English fluently as a first language,African American English,,English,,English,,Texas,,United States,,Texas,Laptop/Computer with built-in microphone,,Macbook Air,"At least once per week, but not every day",Daily or more,Moderately well,Having to repeat myself sometimes if it doesn't hear me correctly. ,3324
P0180,new_recruits,White,Female,non-SAE,True,True,wh_fe,True,25-34,"$100,000 to $149,999",Associate degree in college (2-year),Woman,White or European American,,I speak English fluently as a first language,California accent,,English,,English,,California,,United States,,California,Laptop/Computer with built-in microphone,,Mac book air,Daily or more,Only a few times,Very well,siri,787
P0010,new_recruits,Black,Female,SAE,True,True,bl_fe,True,45-54,"$20,000 to $29,999",Bachelor's degree in college (4-year),Woman,Black or African American,,I speak English fluently as a first language,Standard American English,,"English,French",,"English,French",,Michigan,,Other (Please specify),"Russia, Congo",,Laptop/Computer with built-in microphone,,HP Envy 360,Only a few times,Daily or more,Moderately well,Yes. They sometimes gave me wrong information or not what I was looking for.,3236
P0038,new_recruits,Black,Female,SAE,True,True,bl_fe,True,18-24,"$50,000 to $59,999",High school graduate (high school diploma or equivalent including GED),Woman,"Black or African American,White or European American",,I speak English fluently as a first language,Standard American English,,English,,English,,Illinois,,United States,,"Illinois,Indiana",Smartphone,,iPhone 16e,Daily or more,Daily or more,Very well,No I like speech based systems ,1201
P0162,new_recruits,White,Female,non-SAE,True,True,wh_fe,True,45-54,"$100,000 to $149,999",Some college but no degree,Woman,White or European American,,I speak English fluently as a first language,California accent,,English,,English,,Arizona,,United States,,Utah,Laptop/Computer with external microphone,,Lenovo Yoga Laptop,"At least once per week, but not every day","At least once per week, but not every day",Moderately well,Sometimes I have to focus on my enunciation or they misinterpret a few words.,3011
P0093,new_recruits,Black,Male,non-SAE,True,True,bl_ma,True,25-34,"$60,000 to $69,999",High school graduate (high school diploma or equivalent including GED),Man,"Black or African American,White or European American",,I speak English fluently as a first language,"Southern accent,Standard American English",,English,,English,,Georgia,,United States,,"Florida,Georgia",Laptop/Computer with external microphone,,Omen Desktop,Only a few times,"At least once per week, but not every day",Slightly well,Making me repeat myself or mishearing me,1788
P0073,new_recruits,Black,Male,non-SAE,True,True,bl_ma,True,35-44,"$50,000 to $59,999",High school graduate (high school diploma or equivalent including GED),Man,Black or African American,,I speak English fluently as a first language,African American English,,English,,English,,Illinois,,United States,,Illinois,Smartphone,,IPhone 16,"At least once per week, but not every day","At least once per week, but not every day",Moderately well,"Yes, sometimes pronunciation issues, or miss using a word ",2040
P0042,new_recruits,Black,Female,non-SAE,True,True,bl_fe,True,25-34,"$40,000 to $49,999",Associate degree in college (2-year),Woman,Black or African American,,I speak English fluently as a second or additional language,African American English,,Other,Kiswahili and Kikuyu,English,,Washington,,Other (Please specify),Kenya,,Laptop/Computer with built-in microphone,,hp Elitebook folio 9480m,Only a few times,Daily or more,Very well,I genuinely enjoy talking to voice assistants and take pride in using them well. But one way they’ve underperformed is in maintaining long-term memory of past conversations. They also struggle with multi-step instructions without breaking the task into separate commands.”,3059
P0030,new_recruits,Black,Female,non-SAE,True,True,bl_fe,True,25-34,"$60,000 to $69,999",Master's degree,Woman,Black or African American,,I speak English fluently as a first language,African American English,,English,,English,,Virginia,,United States,,Virginia,Laptop/Computer with built-in microphone,,MacBook Air/MacOS Monterey,Daily or more,"At least once per week, but not every day",Extremely well,"There are some time where Alexa either ignores my request or does something that is not at all similar to what I said. For instance, I can tell Alexa to play a song by a specific artist and instead of saying she can't find it, she plays something random.",1342
P0116,new_recruits,Black,Male,non-SAE,True,True,bl_ma,True,18-24,"$10,000 to $19,999",High school graduate (high school diploma or equivalent including GED),Man,Black or African American,,I speak English fluently as a first language,"African American English,Standard American English",,English,,English,,New York,,United States,,New York,Smartphone,,iPhone 14,"At least once per month, but not every week","At least once per month, but not every week",Moderately well,,1665
P0168,new_recruits,White,Female,non-SAE,True,True,wh_fe,True,25-34,"$40,000 to $49,999",High school graduate (high school diploma or equivalent including GED),Woman,White or European American,,I speak English fluently as a first language,"Southern accent,Standard American English",,English,,English,,Tennessee,,United States,,Tennessee,Smartphone,,moto g 64 gb,Daily or more,"At least once per week, but not every day",Very well,"pronouncing my name, and those of my family, correctly.",2578
P0226,new_recruits,White,Male,non-SAE,True,True,wh_ma,True,55-64,"$50,000 to $59,999",Some college but no degree,Man,White or European American,,I speak English fluently as a first language,New England accent,,English,,English,,Connecticut,,United States,,Connecticut,Tablet,,iPad 9th generation ,"At least once per week, but not every day","At least once per week, but not every day",Moderately well,Google assist has cut me off prior to allowing me to finish my sentence. ,1445
P0036,new_recruits,Black,Female,non-SAE,True,True,bl_fe,True,35-44,"$150,000 or more",Doctoral degree,Woman,Black or African American,,I speak English fluently as a second or additional language,"Any non-American accent (British, European, Asian, African, etc)",Chicago urban,Other,Igbo,"English,Other","English, Igbo",Nebraska,,Other (Please specify),Nigeria,,Laptop/Computer with external microphone,,Lenovo Thinkpad X1,Only a few times,Daily or more,Slightly well,They don't seem to get what I'm saying sometimes,1769
P0002,new_recruits,Black,Non-binary,non-SAE,False,False,bl_fe,False,25-34,"Less than $10,000",Bachelor's degree in college (4-year),Non-binary,Black or African American,,I speak English fluently as a first language,"African American English,Standard American English",,English,,English,,Arizona,,United States,,Arizona,Smartphone,,Samsung Galaxy S24,"At least once per month, but not every week",Daily or more,Slightly well,Identifying music.,2920
P0246,new_recruits,White,Male,SAE,True,True,wh_ma,True,25-34,"$100,000 to $149,999",High school graduate (high school diploma or equivalent including GED),Man,White or European American,,I speak English fluently as a first language,Standard American English,,English,,English,,Arizona,,United States,,Arizona,Laptop/Computer with built-in microphone,,Lenovo Legion 5 laptop,"At least once per week, but not every day","At least once per week, but not every day",Very well,"Siri in particular can be a bit hit or miss with how adaptable it is to commands. A lot of time it flat out can't do what's asked of it, such as changing a certain setting in the phone or figuring out a certain piece of information.",1537
P0189,new_recruits,White,Female,SAE,True,True,wh_fe,True,55-64,"$60,000 to $69,999",Master's degree,Woman,White or European American,,I speak English fluently as a first language,Standard American English,,English,,English,,California,,United States,,"California,Montana,Oregon,Utah,Virginia",Laptop/Computer with external microphone,,RODE Podcaster V2 USB,Not at all,Daily or more,Moderately well,I just haven't been around many places that have them.,1941
P0128,new_recruits,Black,Non-binary,non-SAE,False,False,bl_ma,False,25-34,"$40,000 to $49,999",High school graduate (high school diploma or equivalent including GED),Non-binary,Black or African American,,I speak English fluently as a first language,"African American English,Standard American English",,English,,English,,Texas,,United States,,Texas,Smartphone,,Samsung Galaxy S25 FE,Not at all,Not at all,Slightly well,mishears what i say,710
P0064,new_recruits,Black,Male,non-SAE,True,True,bl_ma,True,45-54,"$30,000 to $39,999",Some college but no degree,Man,Black or African American,,I speak English fluently as a first language,African American English,,English,,English,,California,,United States,,"Colorado,Ohio",Other (Please specify),HEADPHONES W/ built in mic,,Not at all,Daily or more,Not well at all,"They just always seemed to misinterpret my words,",1496
P0089,new_recruits,Black,Male,SAE,True,True,bl_ma,True,35-44,"$40,000 to $49,999",Bachelor's degree in college (4-year),Man,Black or African American,,I speak English fluently as a first language,Standard American English,,English,,English,,New Jersey,,United States,,New Jersey,Laptop/Computer with built-in microphone,,"Macbook Pro (15 inch, mid 2010)","At least once per month, but not every week","At least once per week, but not every day",Very well,I haven't had any issues. I wish you could stream a song on your phone and ask Siri to name the song while it's playing rather than having the music come from a separate output.,1837
P0095,new_recruits,Other/Unknown,Male,non-SAE,False,False,bl_ma,False,35-44,I prefer not to answer,Bachelor's degree in college (4-year),Man,I prefer not to answer,,I speak English fluently as a first language,"Mid Atlantic accent,Other","I am proper, kind, but if I get mad my entire dictionary changes. That rarely happens, but its there.",English,,Spanish,,New Jersey,,United States,,New Jersey,Laptop/Computer with built-in microphone,,Its brand new HP allinone desktop no tower.,"At least once per month, but not every week","At least once per week, but not every day",Slightly well,I think my deep voice doesn't get picked up well.,1080
P0011,new_recruits,Black,Female,non-SAE,True,True,bl_fe,True,25-34,"$50,000 to $59,999",Bachelor's degree in college (4-year),Woman,Black or African American,,I speak English fluently as a first language,African American English,,English,,English,,New York,,United States,,Florida,Tablet,,iPad 10th generation ,Daily or more,Daily or more,Very well,It’s perfect ,3536
P0025,new_recruits,Black,Female,non-SAE,True,True,bl_fe,True,25-34,"$30,000 to $39,999",High school graduate (high school diploma or equivalent including GED),Woman,Black or African American,,I speak English fluently as a first language,African American English,,English,,English,,Texas,,United States,,Texas,Smartphone,,iphone 17 pro max ,"At least once per week, but not every day",Daily or more,Very well,"no, it’s been very efficient",1195
P0107,new_recruits,Black,Male,non-SAE,True,True,bl_ma,True,25-34,"$60,000 to $69,999",Bachelor's degree in college (4-year),Man,Black or African American,,I speak English fluently as a first language,African American English,,English,,English,,New York,,Other (Please specify),Ghana,,Smartphone,,iPhone 14 Pro Max ,Daily or more,Daily or more,Extremely well,That is when I don’t speak loudly for them to hear my instructions.,1433
P0101,new_recruits,Black,Male,non-SAE,True,True,bl_ma,True,45-54,"$40,000 to $49,999",Some college but no degree,Man,Black or African American,,I speak English fluently as a first language,African American English,,English,,English,,Arizona,,United States,,Arizona,Smartphone,,Samsung s24 fe,Daily or more,"At least once per week, but not every day",Very well,No,1929
P0216,new_recruits,White,Male,SAE,True,True,wh_ma,True,35-44,"$100,000 to $149,999",Bachelor's degree in college (4-year),Man,White or European American,,I speak English fluently as a first language,Standard American English,,English,,English,,Michigan,,United States,,Michigan,Smartphone,,IPhone Se 3rd generation ,Daily or more,Daily or more,Very well,Usually when I ask for a specific song and I have to keep trying until I get the right one to play.,671
P0237,new_recruits,White,Male,non-SAE,True,True,wh_ma,True,35-44,"$70,000 to $79,999",Some college but no degree,Man,White or European American,,I speak English fluently as a first language,Southern accent,,English,,"French,German",,Tennessee,,United States,,"Alabama,Tennessee",Other (Please specify),Microphone on a Gaming Headset,,Daily or more,"At least once per week, but not every day",Slightly well,"The major issue is not that they misunderstand my words themselves, but my meaning. It happens in such a way that I've developed the assumption that what's going on under the hood is it's trying to find an answer, and when it can't make specific sense of my question, it will go ahead and provide answers to something adjacent. It's not conversant, is the problem. It can recognize keywords, but not synthesize into any sort of complex ideas. Example, sunset and ""total dark"" are different concepts, but if I ask these speech based systems for what time total dark is expected, they will not answer that question, because they do not understand it. I can't then say ""No, allow me to explain..."" because that doesn't help.",1243
P0065,new_recruits,Other/Unknown,Male,non-SAE,False,False,bl_ma,False,35-44,"$20,000 to $29,999",High school graduate (high school diploma or equivalent including GED),Man,I prefer not to answer,,I speak English fluently as a first language,African American English,,English,,English,,North Carolina,,United States,,North Carolina,Laptop/Computer with built-in microphone,,iphone,"At least once per week, but not every day",Daily or more,Very well,no ,1874
P0143,new_recruits,White,Female,non-SAE,True,True,wh_fe,True,45-54,"$40,000 to $49,999",Some college but no degree,Woman,White or European American,,I speak English fluently as a first language,California accent,,English,,English,,Texas,,United States,,California,Laptop/Computer with built-in microphone,,Apple MacBook Air,Only a few times,Daily or more,Extremely well,I have a lisp and it can make it difficult to pronounce words perfectly so sometimes Gemini will completely misunderstand what I'm saying. I have to speak very clearly which is kind of a pain because it makes the conversation flow in an unnatural way. ,4773
P0016,new_recruits,Black,Female,non-SAE,True,True,bl_fe,True,35-44,"$40,000 to $49,999",Bachelor's degree in college (4-year),Woman,Black or African American,,I speak English fluently as a first language,African American English,,English,,English,,Florida,,United States,,Florida,Laptop/Computer with built-in microphone,,HP all-in-one Desktop 24,Only a few times,Only a few times,Extremely well,none that I can think of,1369
P0117,new_recruits,Black,Male,non-SAE,True,True,bl_ma,True,18-24,"$150,000 or more",High school graduate (high school diploma or equivalent including GED),Man,Black or African American,,I speak English fluently as a first language,African American English,,"English,French",,"English,French",,New York,,United States,,New York,Laptop/Computer with built-in microphone,,MSI Thin 15 B13UC,"At least once per week, but not every day",Daily or more,Very well,Not understanding what I am saying and giving me false results.,1030
P0127,new_recruits,Black,Male,non-SAE,True,True,bl_ma,True,35-44,"$100,000 to $149,999",Bachelor's degree in college (4-year),Man,"Black or African American,Hispanic or Latino",,I speak English fluently as a first language,"African American English,Mid Atlantic accent,Standard American English",,English,,English,,New York,,United States,,New York,Laptop/Computer with built-in microphone,,Acer Aspire 515-52,"At least once per month, but not every week",Daily or more,Moderately well,Sometimes they don't hear exactly what you said it just wastes more time,967
P0079,new_recruits,Black,Male,non-SAE,True,True,bl_ma,True,25-34,"$30,000 to $39,999",High school graduate (high school diploma or equivalent including GED),Man,Black or African American,,I speak English fluently as a first language,"African American English,Standard American English",,English,,English,,Alabama,,United States,,Alabama,Smartphone,,iPhone 16e,Daily or more,Daily or more,Moderately well,Yes occasionally they misinterpret or misunderstand what I’m implying ,2222
P0009,new_recruits,Black,Female,non-SAE,True,True,bl_fe,True,18-24,"$100,000 to $149,999",Bachelor's degree in college (4-year),Woman,"Black or African American,Native American or Alaska Native",,I speak English fluently as a first language,"African American English,Southern accent,Standard American English",,English,,"English,French,Spanish",,Virginia,,United States,,Virginia,Laptop/Computer with built-in microphone,,HP 14,"At least once per week, but not every day",Daily or more,Moderately well,"They have underperformed by misunderstanding what I have said, even with repeats eventually leading me to complete the task on my own. There have also been instances where they chose a completely different name/song/app/topic that I originally said. They do way better at hearing the ""Hi Siri/ Hey Alexa"" than completing what I asked of them.",1638
P0017,new_recruits,Black,Female,SAE,True,True,bl_fe,True,35-44,"$50,000 to $59,999",Some college but no degree,Woman,Black or African American,,I speak English fluently as a first language,Standard American English,,English,,English,,Florida,,United States,,Florida,Laptop/Computer with built-in microphone,,HP Laptop 14,Only a few times,Daily or more,Moderately well,yes giving simple commands,1961
P0006,new_recruits,Black,Female,non-SAE,True,True,bl_fe,True,18-24,"Less than $10,000",Some college but no degree,Woman,"Black or African American,Hispanic or Latino",,I speak English fluently as a first language,"African American English,Latino, Hispanic, or Chicano English",,English,,English,,Washington,,United States,,Washington,Smartphone,,Iphone 16 plus,"At least once per week, but not every day","At least once per week, but not every day",Very well,No,735
P0175,new_recruits,White,Female,SAE,True,True,wh_fe,True,25-34,"$60,000 to $69,999",Bachelor's degree in college (4-year),Woman,White or European American,,I speak English fluently as a first language,Standard American English,,English,,English,,Texas,,United States,,Texas,Tablet,,iPad Air 11 inch - M3 chip,"At least once per week, but not every day",Only a few times,Very well,"Specifically with dictation / text to speech, I often get typos or completely different words. Generally when asking Siri questions, I don’t run into an issue. Siri and Alexa have a hard time understanding children in my family, though, which makes the kid version of their devices sometimes useless.",994
P0135,new_recruits,Black,Male,non-SAE,True,True,bl_ma,True,55-64,"$30,000 to $39,999",Some college but no degree,Man,Black or African American,,I speak English fluently as a first language,Southern accent,,English,,English,,California,,United States,,California,Smartphone,,Cloud strata 8,"At least once per week, but not every day","At least once per week, but not every day",Not well at all,They initially perform the task would be hard to understand their dialect sometimes,1490
P0241,new_recruits,White,Male,SAE,True,True,wh_ma,True,35-44,"$60,000 to $69,999",Bachelor's degree in college (4-year),Man,White or European American,,I speak English fluently as a first language,Standard American English,,English,,English,,Texas,,United States,,"Florida,Massachusetts",Laptop/Computer with external microphone,,MSI GF53 Thin 10SC,Daily or more,Daily or more,Very well,I think that Alexa has the most trouble understanding my deep voice.,1714
P0215,new_recruits,White,Male,non-SAE,True,True,wh_ma,True,25-34,"$10,000 to $19,999",Associate degree in college (2-year),Man,White or European American,,I speak English fluently as a first language,California accent,,English,,English,,California,,United States,,California,Smartphone,,Iphone13,Daily or more,Daily or more,Very well,"Sometimes they don’t get what your are saying exactly, and get the response wrong.",906
P0096,new_recruits,Black,Male,non-SAE,True,True,bl_ma,True,35-44,"$50,000 to $59,999",High school graduate (high school diploma or equivalent including GED),Man,Black or African American,,I speak English fluently as a first language,Southern accent,,English,,English,,South Carolina,,United States,,South Carolina,Laptop/Computer with built-in microphone,,dell inspirion 15 3000,Daily or more,Daily or more,Extremely well,The only ways that they have underperform was not understanding my Dialect.,1924
P0208,new_recruits,White,Male,SAE,True,True,wh_ma,True,18-24,"Less than $10,000",Some college but no degree,Man,White or European American,,I speak English fluently as a first language,Standard American English,,English,,English,,Georgia,,United States,,Georgia,Laptop/Computer with external microphone,,Apple MacBook Pro 14-inch 2023 model with an M3 chip,Only a few times,Daily or more,Very well,Sometimes they do not know the words I am using if they are non-conventional or medical-related terms.,1136
P0164,new_recruits,White,Female,SAE,True,True,wh_fe,True,45-54,"$50,000 to $59,999",Bachelor's degree in college (4-year),Woman,White or European American,,I speak English fluently as a first language,Standard American English,,English,,Spanish,,Utah,,United States,,Nevada,Laptop/Computer with external microphone,,HP Laptop E77Q8A66 - 15-dw0xxx using Corsair wired headphones. ,"At least once per month, but not every week",Daily or more,Slightly well,"I have noticed them getting almost as good as the written based ones, but in the past, they would misunderstand my speech or request, or come up with unrelated answers sometimes",1301
P0169,new_recruits,White,Female,non-SAE,True,True,wh_fe,True,55-64,"$30,000 to $39,999","Professional degree (JD, MD)",Woman,White or European American,,I speak English fluently as a first language,"California accent,Other","I've lived in Coastal/Southwest California, Urban New York, and the Rocky Mountain region.",English,,English,,Washington,,United States,,California,Laptop/Computer with built-in microphone,,HP Chromebook x360,Daily or more,"At least once per week, but not every day",Very well,"Not based on speech. Some have refused to update things like address or location, but that's an app problem we haven't been able to solve yet.",4408
P0050,new_recruits,Black,Female,non-SAE,True,True,bl_fe,True,45-54,"$50,000 to $59,999",Some college but no degree,Woman,Black or African American,,I speak English fluently as a first language,African American English,,English,,English,,Mississippi,,United States,,Mississippi,Laptop/Computer with external microphone,,Acemagic mini pc,"At least once per week, but not every day",Daily or more,Extremely well,No,1931
P0243,new_recruits,White,Male,SAE,True,True,wh_ma,True,35-44,"$100,000 to $149,999",Bachelor's degree in college (4-year),Man,White or European American,,I speak English fluently as a first language,Standard American English,,English,,English,,Alabama,,United States,,Michigan,Laptop/Computer with built-in microphone,,Chromebook,"At least once per week, but not every day",Daily or more,Very well,There are times when a speech based system has not met my mood and it makes for  a poor experience.,1484
P0067,new_recruits,Black,Male,non-SAE,True,True,bl_ma,True,35-44,"$40,000 to $49,999",Some college but no degree,Man,"Black or African American,Hispanic or Latino",,I speak English fluently as a first language,"African American English,Latino, Hispanic, or Chicano English,Standard American English",,"English,Spanish",,"English,Spanish",,Connecticut,,Other (Please specify),Dominican Republic ,,Smartphone,,Samsung Galaxy S23 Ultra ,Daily or more,Daily or more,Extremely well,Sometimes the delay in response causes confusion and frustration ,1946
P0138,new_recruits,White,Female,non-SAE,True,True,wh_fe,True,55-64,"$80,000 to $89,999",Master's degree,Woman,White or European American,,I speak English fluently as a first language,California accent,,English,,"English,French,Spanish",,Colorado,,United States,,California,Laptop/Computer with built-in microphone,,HP Zbook,Not at all,Daily or more,Moderately well,I've never used one in my entire life,1476
P0039,new_recruits,Black,Female,SAE,True,True,bl_fe,True,35-44,"Less than $10,000",High school graduate (high school diploma or equivalent including GED),Woman,Black or African American,,I speak English fluently as a first language,Standard American English,,English,,English,,Ohio,,United States,,Ohio,Laptop/Computer with built-in microphone,,Asus Tuf Gaming Laptop A15 ,Not at all,Only a few times,Slightly well,Sometimes in the past it would auto correct to the wrong word of something I was looking for. ,2005
P0037,new_recruits,Black,Female,non-SAE,True,True,bl_fe,True,55-64,"$150,000 or more",Master's degree,Woman,Black or African American,,I speak English fluently as a first language,Mid Atlantic accent,,English,,"English,Spanish",,Virginia,,United States,,"District of Columbia,Maryland",Laptop/Computer with built-in microphone,,Lenovo Ideapad,Daily or more,"At least once per week, but not every day",Very well,Siri is not always capable.,1774
P0015,new_recruits,Black,Female,non-SAE,True,True,bl_fe,True,35-44,"$50,000 to $59,999",High school graduate (high school diploma or equivalent including GED),Woman,Black or African American,,I speak English fluently as a first language,California accent,,English,,English,,Arizona,,United States,,California,Smartphone,,iPhone 14 pro ,Daily or more,Daily or more,Moderately well,"It’s mainly not recognizing my voice we’re not actually giving a response, but pulling up a bunch of websites. That are sometimes related or not.",783
P0109,new_recruits,Black,Male,non-SAE,True,True,bl_ma,True,35-44,"Less than $10,000",High school graduate (high school diploma or equivalent including GED),Man,Black or African American,,I speak English fluently as a first language,African American English,,English,,English,,Florida,,United States,,Florida,Smartphone,,Samsung A12,Daily or more,"At least once per week, but not every day",Slightly well,Google Assistant,1638
P0088,new_recruits,Black,Male,non-SAE,True,True,bl_ma,True,25-34,"$100,000 to $149,999",Bachelor's degree in college (4-year),Man,Black or African American,,I speak English fluently as a first language,African American English,,English,,English,,Texas,,United States,,Texas,Smartphone,,iPhone 14,"At least once per month, but not every week",Daily or more,Moderately well,Not fully understanding my words or tone.,611
P0034,new_recruits,Black,Female,non-SAE,True,True,bl_fe,True,35-44,"$70,000 to $79,999",Bachelor's degree in college (4-year),Woman,Black or African American,,I speak English fluently as a first language,"Any non-American accent (British, European, Asian, African, etc)",Jamaican ,English,,English,,Florida,,Other (Please specify),Jamaica ,,Smartphone,,iPhone 17 pro max ,Daily or more,Daily or more,Very well,None responses or poor speech recognition ,1318
P0076,new_recruits,Black,Male,non-SAE,True,True,bl_ma,True,25-34,"$100,000 to $149,999",Master's degree,Man,Black or African American,,I speak English fluently as a first language,African American English,,English,,English,,Connecticut,,United States,,Connecticut,Laptop/Computer with built-in microphone,,HP EliteBook  830 G7 Notebook PC,Daily or more,Daily or more,Extremely well,none,1789
P0094,new_recruits,Black,Male,SAE,True,True,bl_ma,True,25-34,"$90,000 to $99,999",Bachelor's degree in college (4-year),Man,Black or African American,,I speak English fluently as a first language,Standard American English,,English,,English,,Maryland,,United States,,Maryland,Laptop/Computer with built-in microphone,,"iMac (21.5-inch, Late 2013)",Daily or more,Daily or more,Very well,"Misinterpreting parts of the command, causing me to have to repeat what I said in a different way.",1945
P0023,new_recruits,Black,Male,non-SAE,True,False,bl_fe,False,35-44,"$100,000 to $149,999",Master's degree,Man,Black or African American,,I speak English fluently as a first language,African American English,,English,,English,,Texas,,United States,,Texas,Laptop/Computer with built-in microphone,,HP Laptop 15-da0xxx,"At least once per week, but not every day",Daily or more,Extremely well,No,2078
P0007,new_recruits,Black,Female,non-SAE,True,True,bl_fe,True,25-34,"$20,000 to $29,999",Some college but no degree,Woman,Black or African American,,I speak English fluently as a first language,African American English,,English,,English,,Florida,,United States,,Florida,Smartphone,,iPhone 15,"At least once per week, but not every day",Daily or more,Slightly well,Siri always catches the wrong things and mishears ,1394
P0019,new_recruits,Black,Female,non-SAE,True,True,bl_fe,True,45-54,"$70,000 to $79,999",Master's degree,Woman,Black or African American,,I speak English fluently as a first language,"African American English,Midland or Northern Midwest accent,Standard American English",,English,,English,,Illinois,,United States,,Minnesota,Laptop/Computer with built-in microphone,,Dell XPS 13,Daily or more,"At least once per month, but not every week",Moderately well,It does not always select the correct word spoken. It can often be similar but not correct. ,1960
P0134,new_recruits,Black,Male,non-SAE,True,True,bl_ma,True,18-24,"$100,000 to $149,999",Bachelor's degree in college (4-year),Man,Black or African American,,I speak English fluently as a first language,African American English,,English,,English,,Virginia,,United States,,Virginia,Laptop/Computer with built-in microphone,,dell latitude 7490,Only a few times,Daily or more,Extremely well,none,1753
P0105,new_recruits,Black,Male,non-SAE,True,True,bl_ma,True,35-44,"$150,000 or more",Master's degree,Man,Black or African American,,I speak English fluently as a first language,"African American English,Southern accent,Standard American English",,English,,English,,Texas,,United States,,Texas,Smartphone,,Samsung Galaxy S22 Ultra,Daily or more,Daily or more,Extremely well,I dislike somwtimes when they do not understand some phrases that are commonly used in some areas of the US.,1106
P0047,new_recruits,Black,Female,non-SAE,True,True,bl_fe,True,55-64,"$70,000 to $79,999",Master's degree,Woman,Black or African American,,I speak English fluently as a first language,"African American English,Southern accent",,English,,English,,Texas,,United States,,Texas,Smartphone,,Samsung Galaxy S23 Ultra ,Daily or more,Daily or more,Slightly well,They always misheard something i say,1921
P0049,new_recruits,Black,Female,non-SAE,True,True,bl_fe,True,25-34,"$50,000 to $59,999",Bachelor's degree in college (4-year),Woman,Black or African American,,I speak English fluently as a first language,African American English,,English,,English,,Pennsylvania,,United States,,"Maryland,New York,Pennsylvania",Smartphone,,Pixel 8,"At least once per week, but not every day","At least once per week, but not every day",Slightly well,Messed up the meaning of messages by interpreting multiple words wrong,1196
P0085,new_recruits,Black,Male,non-SAE,True,True,bl_ma,True,35-44,"$30,000 to $39,999",Bachelor's degree in college (4-year),Man,Black or African American,,I speak English fluently as a second or additional language,"Any non-American accent (British, European, Asian, African, etc)",Kenyan English,English,,English,,North Carolina,,Other (Please specify),Kenya,,Laptop/Computer with built-in microphone,,Dell XPS 15,"At least once per week, but not every day",Daily or more,Very well,"Yes, they often misunderstand my voice by the pool due to music or wind. Also, responding quietly or requiring me to shout ""Hey Siri"" repeatedly gets frustrating.",2332
P0060,new_recruits,Black,Female,non-SAE,True,True,bl_fe,True,25-34,I prefer not to answer,High school graduate (high school diploma or equivalent including GED),Woman,Black or African American,,I speak English fluently as a first language,"African American English,Standard American English",,English,,English,,South Carolina,,United States,,South Carolina,Laptop/Computer with external microphone,,Mid-2012 Macbook Pro. ,Not at all,Only a few times,Extremely well,No,1096
P0121,new_recruits,Black,Male,non-SAE,True,True,bl_ma,True,35-44,"$70,000 to $79,999",Bachelor's degree in college (4-year),Man,Black or African American,,I speak English fluently as a second or additional language,African American English,,Other,Swahili,"English,German,Other","English, German and Swahili",North Carolina,,United States,,North Carolina,Laptop/Computer with built-in microphone,,Samsung Galaxy S24,Daily or more,Daily or more,Very well,no,1501
P0022,new_recruits,Black,Female,non-SAE,True,True,bl_fe,True,35-44,"$10,000 to $19,999",Bachelor's degree in college (4-year),Woman,Black or African American,,I speak English fluently as a first language,"Southern accent,New Orleans / Cajun accent",,English,,English,,Louisiana,,United States,,Louisiana,Laptop/Computer with built-in microphone,,"HP DESKTOP-49AUAVC
","At least once per week, but not every day",Daily or more,Not well at all,misinterrupret what im saying,1512
P0005,new_recruits,Black,Female,non-SAE,True,True,bl_fe,True,25-34,"$50,000 to $59,999",Bachelor's degree in college (4-year),Woman,Black or African American,,I speak English fluently as a first language,African American English,,English,,English,,Georgia,,United States,,Georgia,Laptop/Computer with built-in microphone,,,Daily or more,Daily or more,Extremely well,,1378
P0033,new_recruits,Black,Female,non-SAE,True,True,bl_fe,True,25-34,"$10,000 to $19,999",Some college but no degree,Woman,Black or African American,,I speak English fluently as a first language,"African American English,Southern accent,New Orleans / Cajun accent,Standard American English",,English,,English,,Louisiana,,United States,,Louisiana,Laptop/Computer with external microphone,,"ibuypower Gaming PC, Intel(R) Core(TM) i7- 14700F","At least once per week, but not every day",Not at all,Extremely well,"No, not in any way I can think of.",1696
P0108,new_recruits,Black,Male,non-SAE,True,True,bl_ma,True,25-34,"$40,000 to $49,999",Bachelor's degree in college (4-year),Man,Black or African American,,I speak English fluently as a second or additional language,African American English,,English,,"English,German",,Virginia,,United States,,Virginia,Laptop/Computer with built-in microphone,,hp elitebook I5,"At least once per week, but not every day",Daily or more,Very well,no,1507
P0045,new_recruits,Black,Female,non-SAE,True,True,bl_fe,True,45-54,"$20,000 to $29,999",Master's degree,Woman,Black or African American,,I speak English fluently as a first language,"Any non-American accent (British, European, Asian, African, etc)",I don't speak with a US regional or US ethnic English dialect. My English accent and dialect are Zambian.,English,,English,,Pennsylvania,,Other (Please specify),Zambia,,Laptop/Computer with built-in microphone,,Acer Concept D CC3I4-72G,Only a few times,Daily or more,Very well,Not recently. In the past some words were not clear to the system due to my accent.,4082
P0059,new_recruits,White,Female,SAE,True,False,bl_fe,False,25-34,"$40,000 to $49,999",High school graduate (high school diploma or equivalent including GED),Woman,White or European American,,I speak English fluently as a first language,Standard American English,,English,,"English,Other","English, Swahili",Louisiana,,United States,,Florida,Laptop/Computer with built-in microphone,,Dell latitude 7280,"At least once per week, but not every day","At least once per month, but not every week",Very well,no,3823
P0043,new_recruits,Black,Female,non-SAE,True,True,bl_fe,True,18-24,I prefer not to answer,High school graduate (high school diploma or equivalent including GED),Woman,Black or African American,,I speak English fluently as a first language,"African American English,Standard American English",,English,,English,,Pennsylvania,,United States,,North Carolina,Laptop/Computer with built-in microphone,,"MacBook Air 13""",Only a few times,"At least once per month, but not every week",Very well,"My Siri is in a different language, so sometimes it cannot understand my American accent",1261
P0052,new_recruits,Black,Female,non-SAE,True,True,bl_fe,True,35-44,"$50,000 to $59,999",Bachelor's degree in college (4-year),Woman,Black or African American,,I speak English fluently as a first language,African American English,,English,,English,,Minnesota,,United States,,Minnesota,Laptop/Computer with built-in microphone,,DellXPS,"At least once per week, but not every day",Daily or more,Very well,No,4239
P0018,new_recruits,Black,Female,non-SAE,True,True,bl_fe,True,25-34,"$20,000 to $29,999",Bachelor's degree in college (4-year),Woman,Black or African American,,I speak English fluently as a first language,"African American English,Standard American English",,English,,Spanish,,North Carolina,,United States,,North Carolina,Smartphone,,iPhone 15pro max,Daily or more,"At least once per week, but not every day",Very well,I personally have never had an issue but my children’s father has an accent it messes up on him. ,949
P0086,new_recruits,Black,Male,non-SAE,True,True,bl_ma,True,18-24,"$30,000 to $39,999",High school graduate (high school diploma or equivalent including GED),Man,Black or African American,,I speak English fluently as a first language,"African American English,Standard American English",,English,,English,,Georgia,,United States,,Georgia,Smartphone,,iPhone 15,"At least once per week, but not every day","At least once per week, but not every day",Very well,No ,3153
P0187,new_recruits,White,Female,SAE,True,True,wh_fe,True,45-54,"$90,000 to $99,999",Master's degree,Woman,White or European American,,I speak English fluently as a first language,Standard American English,,English,,English,,Florida,,United States,,Florida,Laptop/Computer with external microphone,,Dell XPS 13,"At least once per month, but not every week",Daily or more,Moderately well,Alexa,1410
P0035,new_recruits,Other/Unknown,Female,SAE,False,False,bl_fe,False,25-34,I prefer not to answer,Bachelor's degree in college (4-year),Woman,I prefer not to answer,,I speak English fluently as a first language,Standard American English,,English,,English,,New York,,United States,,New York,Laptop/Computer with external microphone,,PC with ASUS baseboard and Microsoft windows 11 operating system ,Daily or more,"At least once per week, but not every day",Moderately well,Sometimes some speech-based systems don't provide enough information and they instead send website links to research when they cannot come up with an answer. ,1549
P0024,new_recruits,Black,Female,non-SAE,True,True,bl_fe,True,35-44,"$40,000 to $49,999",Some college but no degree,Woman,"Black or African American,Native American or Alaska Native",,I speak English fluently as a first language,"African American English,Southern accent,Standard American English,Other","Well, there was an option for “African-American dialect” but there has been a new phrase coin called a “blackaccent” once upon a Time it used to be called Ebonics or even “slang”. But I can speak professionally when required.",Other,English is my primary language.,Other,I speak English and only English. And some American Sign Language.,Kansas,,United States,,Kansas,Smartphone,,iPhone 13,"At least once per week, but not every day",Daily or more,Very well,"Well, I’m not sure if the speech based systems are under performing or if it is the way that I speak or my dialect. Phonetically the words sound similar to what I said, but a lot of the times it’s nothing of the sort. It’s like I’m playing the game Mad Libs when I read a talk to text message back that’s been sent.",3340
P0099,new_recruits,Black,Male,non-SAE,True,True,bl_ma,True,18-24,"$50,000 to $59,999",High school graduate (high school diploma or equivalent including GED),Man,Black or African American,,I speak English fluently as a first language,"African American English,Standard American English",,English,,English,,Texas,,United States,,Texas,Smartphone,,iPhone 14,Only a few times,"At least once per week, but not every day",Slightly well,"not directly answering my questions, or answering a completely unrelated question",629
P0106,new_recruits,Black,Male,non-SAE,True,True,bl_ma,True,25-34,"$150,000 or more",Doctoral degree,Man,Black or African American,,I speak English fluently as a first language,African American English,,English,,English,,Minnesota,,United States,,Minnesota,Laptop/Computer with built-in microphone,,hp laptop,"At least once per week, but not every day",Only a few times,Very well,They ussualy perform well,1910
P0062,new_recruits,Black,Female,non-SAE,True,True,bl_fe,True,25-34,"$50,000 to $59,999",Associate degree in college (2-year),Woman,Black or African American,,I speak English fluently as a first language,African American English,,English,,English,,California,,United States,,California,Laptop/Computer with built-in microphone,,macbook pro,Daily or more,Daily or more,Extremely well,no,1390
P0004,new_recruits,Black,Female,SAE,True,True,bl_fe,True,45-54,"$70,000 to $79,999",Master's degree,Woman,Black or African American,,I speak English fluently as a first language,Standard American English,,English,,English,,Texas,,United States,,Texas,Laptop/Computer with built-in microphone,,Samsung A24,Daily or more,"At least once per week, but not every day",Very well,Yeah at times they don't capture my command right,1341
P0077,new_recruits,Black,Male,non-SAE,True,True,bl_ma,True,45-54,"$90,000 to $99,999",Bachelor's degree in college (4-year),Man,Black or African American,,I speak English fluently as a first language,African American English,,English,,English,,Virginia,,United States,,Virginia,Laptop/Computer with built-in microphone,,HP 1040 G6,Daily or more,"At least once per week, but not every day",Very well,"Understanding what is not said due to accent issues
",2199
P0014,new_recruits,Black,Female,non-SAE,True,True,bl_fe,True,25-34,"Less than $10,000",High school graduate (high school diploma or equivalent including GED),Woman,Black or African American,,I speak English fluently as a first language,African American English,,English,,"English,Spanish",,District of Columbia,,United States,,District of Columbia,Laptop/Computer with external microphone,,MSI GE66 Raider 11UG,Not at all,"At least once per week, but not every day",Slightly well,My voice fluctuates naturally so they get words wrong or they miss understand when I'm not done speaking so they start answering before Im done.,1609
P0124,new_recruits,Black,Male,non-SAE,True,True,bl_ma,True,18-24,"$90,000 to $99,999",High school graduate (high school diploma or equivalent including GED),Man,Black or African American,,I speak English fluently as a second or additional language,"African American English,Any non-American accent (British, European, Asian, African, etc)",french ,French,,"English,French",,Michigan,,Other (Please specify),ivory coast,,Laptop/Computer with built-in microphone,,Dell latitude 3190,Daily or more,Daily or more,Very well,no,2424
P0066,new_recruits,Black,Male,non-SAE,True,True,bl_ma,True,25-34,"$50,000 to $59,999",Master's degree,Man,Black or African American,,I speak English fluently as a first language,African American English,,English,,English,,Alabama,,United States,,Alabama,Laptop/Computer with built-in microphone,,"Based on the image details, you appear to be using a Dell Latitude 5420.","At least once per week, but not every day",Only a few times,Very well,Difficulty understanding complex instructions or specific accents in noisy environments.,2797
P0026,new_recruits,Black,Female,SAE,True,True,bl_fe,True,65-74,"$60,000 to $69,999",Associate degree in college (2-year),Woman,Black or African American,,I speak English fluently as a first language,Standard American English,,English,,Signed Language,,Georgia,,United States,,Georgia,Tablet,,Iphone14,"At least once per month, but not every week","At least once per month, but not every week",Moderately well,No,1838
P0130,new_recruits,Black,Male,non-SAE,True,True,bl_ma,True,35-44,"$10,000 to $19,999",Some college but no degree,Man,Black or African American,,I speak English fluently as a first language,"African American English,New England accent,Mid Atlantic accent,Southern accent,Standard American English,Any non-American accent (British, European, Asian, African, etc)",standard american english (thank you),English,,English,,Maryland,,United States,,Maryland,Laptop/Computer with external microphone,,"web cam mic: 

Creative Live! Cam Sync V3 Mic",Daily or more,"At least once per week, but not every day",Moderately well,"usually the system, either or both, cuts me off, or it just straight-up doesn't understand my request

(but that's a programmer issue, more than an AI issue)",1489
P0091,new_recruits,Black,Male,non-SAE,True,True,bl_ma,True,18-24,"$70,000 to $79,999",Associate degree in college (2-year),Man,Black or African American,,I speak English fluently as a first language,African American English,,English,,English,,New York,,United States,,New York,Laptop/Computer with external microphone,,Iphone 14,"At least once per week, but not every day","At least once per week, but not every day",Extremely well,no,2776
P0053,new_recruits,Black,Female,non-SAE,True,True,bl_fe,True,18-24,"$60,000 to $69,999",High school graduate (high school diploma or equivalent including GED),Woman,Black or African American,,I speak English fluently as a first language,African American English,,English,,English,,Indiana,,United States,,Indiana,Smartphone,,iphone 13 Pro Max ,"At least once per month, but not every week","At least once per month, but not every week",Moderately well,Not responding to me when i first call out to them. ,1155
P0100,new_recruits,Black,Male,non-SAE,True,True,bl_ma,True,35-44,"$40,000 to $49,999",Master's degree,Man,Black or African American,,I speak English fluently as a second or additional language,"Any non-American accent (British, European, Asian, African, etc)",Non-American (African),English,,English,,Virginia,,United States,,Virginia,Laptop/Computer with built-in microphone,,MacBook Pro,"At least once per week, but not every day",Daily or more,Moderately well,Not really,1828
P0068,new_recruits,Black,Male,SAE,True,True,bl_ma,True,25-34,"$70,000 to $79,999",Bachelor's degree in college (4-year),Man,Black or African American,,I speak English fluently as a first language,Standard American English,,English,,English,,Massachusetts,,United States,,Massachusetts,Laptop/Computer with external microphone,,HP Probook 440 G10,Daily or more,Daily or more,Very well,,1502
P0090,new_recruits,Black,Male,non-SAE,True,True,bl_ma,True,25-34,"$30,000 to $39,999",High school graduate (high school diploma or equivalent including GED),Man,Black or African American,,I speak English fluently as a first language,African American English,,English,,English,,Texas,,United States,,Texas,Smartphone,,iPhone 14,"At least once per week, but not every day",Not at all,Moderately well,No,838
P0112,new_recruits,Black,Male,non-SAE,True,True,bl_ma,True,18-24,"$100,000 to $149,999",High school graduate (high school diploma or equivalent including GED),Man,Black or African American,,I speak English fluently as a first language,"African American English,Standard American English",,English,,English,,New Jersey,,United States,,New Jersey,Smartphone,,iPhone 16 Pro,"At least once per month, but not every week",Daily or more,Moderately well,Siri can’t continue conversations ,2385
P0012,new_recruits,Black,Female,non-SAE,True,True,bl_fe,True,25-34,"Less than $10,000",Master's degree,Woman,Black or African American,,I speak English fluently as a first language,African American English,,English,,English,,Georgia,,United States,,Georgia,Laptop/Computer with built-in microphone,,laptop hp ,Only a few times,"At least once per week, but not every day",Extremely well,no,1947
P0132,new_recruits,Black,Male,non-SAE,True,True,bl_ma,True,25-34,"$80,000 to $89,999",Some college but no degree,Man,Black or African American,,I speak English fluently as a first language,African American English,,English,,English,,Michigan,,United States,,Michigan,Laptop/Computer with external microphone,,Dell core i3,"At least once per week, but not every day",Daily or more,Very well,no,3354
P0070,new_recruits,Black,Male,non-SAE,True,True,bl_ma,True,25-34,"$150,000 or more",Doctoral degree,Man,Black or African American,,I speak English fluently as a first language,African American English,,English,,English,,Arizona,,United States,,Arizona,Laptop/Computer with built-in microphone,,HP laptop (Windows 11),"At least once per week, but not every day",Daily or more,Moderately well,"They sometimes struggle with understanding accents or speech in noisy environments, and can misinterpret commands. They also tend to have limited context awareness, which can lead to repetitive or incorrect responses when tasks are more complex.",3043
P0003,new_recruits,Black,Female,non-SAE,True,True,bl_fe,True,35-44,"$20,000 to $29,999",Associate degree in college (2-year),Woman,Black or African American,,I speak English fluently as a first language,"African American English,Southern accent",,English,,English,,Florida,,United States,,Florida,Smartphone,,iPhone 17,Daily or more,"At least once per week, but not every day",Extremely well,"No, not at all",843
P0118,new_recruits,Black,Male,non-SAE,True,True,bl_ma,True,35-44,"$100,000 to $149,999",Bachelor's degree in college (4-year),Man,Black or African American,,I speak English fluently as a first language,African American English,,English,,English,,Florida,,United States,,Florida,Laptop/Computer with built-in microphone,,HP All in One 22,Only a few times,"At least once per week, but not every day",Extremely well,no,2878
P0083,new_recruits,Black,Male,non-SAE,True,True,bl_ma,True,25-34,"$30,000 to $39,999",Bachelor's degree in college (4-year),Man,Black or African American,,I speak English fluently as a first language,African American English,,English,,English,,Washington,,United States,,"California,Washington",Laptop/Computer with built-in microphone,,samsung,Daily or more,Daily or more,Extremely well,no i think the voice assistance is much better to evaluate,2596
P0046,new_recruits,Black,Female,non-SAE,True,True,bl_fe,True,45-54,"Less than $10,000",Bachelor's degree in college (4-year),Woman,Black or African American,,I speak English fluently as a first language,African American English,,English,,French,,California,,United States,,California,Laptop/Computer with built-in microphone,,samsung S24,Daily or more,Daily or more,Very well,sometime,2413
P0057,new_recruits,Black,Female,non-SAE,True,True,bl_fe,True,45-54,"$30,000 to $39,999",High school graduate (high school diploma or equivalent including GED),Woman,Black or African American,,I speak English fluently as a first language,"Southern accent,Standard American English",,English,,English,,Mississippi,,United States,,Mississippi,Smartphone,,Motorola Razr 2025,"At least once per week, but not every day","At least once per week, but not every day",Very well,No,2603
P0122,new_recruits,Other/Unknown,Male,non-SAE,False,False,bl_ma,False,35-44,"$40,000 to $49,999",Bachelor's degree in college (4-year),Man,I prefer not to answer,,I speak English fluently as a first language,"African American English,Standard American English",,English,,English,,Georgia,,Other (Please specify),Nigeria,,Laptop/Computer with built-in microphone,,Lenovo 82H8,Daily or more,Daily or more,Extremely well,"No, except sometimes they dont give you enough time to pause inbetween speech to recollect your words",2318
P0044,new_recruits,Black,Female,non-SAE,True,True,bl_fe,True,55-64,"$90,000 to $99,999",Associate degree in college (2-year),Woman,Black or African American,,I speak English fluently as a first language,African American English,,English,,English,,Pennsylvania,,United States,,Pennsylvania,Smartphone,,Samsung Galaxy a15 5G,Daily or more,Daily or more,Very well,Yes I have a very difficult time getting them to understand what I'm saying a lot I will be sending an email or a text message and I will use the voice to speak method and it will get a lot of what I say completely wrong and a little say things that I was nowhere close to saying so that's what hasb hello fine how are youdisappointed me the most,1639
P0071,new_recruits,Black,Male,non-SAE,True,True,bl_ma,True,35-44,"$30,000 to $39,999",Some college but no degree,Man,Black or African American,,I speak English fluently as a first language,"African American English,Southern accent,Standard American English",,English,,English,,South Carolina,,United States,,South Carolina,Laptop/Computer with external microphone,,"Custom built PC
AS Rock motherboard
RTX 5050 gpu
ASUS gaming monitor
Ryzen 5",Daily or more,Daily or more,Very well,I'm often told that my boyfriends voice sounds a little like mine and Siri constantly accepts commands from him even though it should only accept them from me. He doesn't even have to change his voice to get it to accept commands but it only works for him.,1457
P0061,new_recruits,Black,Female,non-SAE,True,True,bl_fe,True,55-64,"$50,000 to $59,999",Some college but no degree,Woman,Black or African American,,I speak English fluently as a first language,"African American English,Standard American English",,English,,English,,Virginia,,United States,,Virginia,Laptop/Computer with external microphone,,HP,Not at all,Not at all,Not well at all,,1923
P0133,new_recruits,Black,Male,non-SAE,True,True,bl_ma,True,25-34,"$60,000 to $69,999",High school graduate (high school diploma or equivalent including GED),Man,Black or African American,,I speak English fluently as a first language,African American English,,English,,"English,Spanish",,Minnesota,,United States,,"Minnesota,Missouri",Smartphone,,iPhone 12 Pro Max ,"At least once per week, but not every day","At least once per week, but not every day",Moderately well,They don’t catch my words sometimes so I have to repeat myself ,1460
P0020,new_recruits,Black,Female,non-SAE,True,True,bl_fe,True,45-54,"Less than $10,000",High school graduate (high school diploma or equivalent including GED),Woman,Black or African American,,I speak English fluently as a first language,African American English,,English,,English,,South Carolina,,United States,,South Carolina,Smartphone,,Motorola ,Not at all,Only a few times,Moderately well,No,1293
P0103,new_recruits,Black,Male,non-SAE,True,True,bl_ma,True,25-34,"$20,000 to $29,999",High school graduate (high school diploma or equivalent including GED),Man,Black or African American,,I speak English fluently as a first language,African American English,,English,,English,,Washington,,United States,,Washington,Laptop/Computer with built-in microphone,,lenovo thinkpad,Daily or more,Daily or more,Moderately well,No,2513
P0031,new_recruits,Black,Female,SAE,True,True,bl_fe,True,25-34,"$10,000 to $19,999",High school graduate (high school diploma or equivalent including GED),Woman,Black or African American,,I speak English fluently as a first language,Standard American English,,English,,English,,North Carolina,,United States,,Maryland,Smartphone,,Moto g play,"At least once per week, but not every day","At least once per week, but not every day",Extremely well,No,1284
P0058,new_recruits,Black,Female,non-SAE,True,True,bl_fe,True,55-64,"$100,000 to $149,999",Master's degree,Woman,Black or African American,,I speak English fluently as a first language,African American English,,English,,English,,South Carolina,,United States,,South Carolina,Smartphone,,iPhone 13,"At least once per month, but not every week","At least once per week, but not every day",Very well,"I haven’t had any issues with speech-based systems, they usually perform well.",1934
P0013,new_recruits,Black,Female,non-SAE,True,True,bl_fe,True,35-44,"$100,000 to $149,999",Bachelor's degree in college (4-year),Woman,Black or African American,,I speak English fluently as a first language,African American English,,English,,English,,North Carolina,,United States,,New Jersey,Laptop/Computer with built-in microphone,,HP ENVY x360 Laptop,"At least once per month, but not every week","At least once per month, but not every week",Very well,No they worked well,1206
P0119,new_recruits,Black,Male,SAE,True,True,bl_ma,True,35-44,"$100,000 to $149,999",Master's degree,Man,Black or African American,,I speak English fluently as a first language,Standard American English,,"English,French",,"English,French",,Alabama,,United States,,Alabama,Laptop/Computer with built-in microphone,,HP EliteBook 840 G5,"At least once per week, but not every day",Daily or more,Very well,"If I’m being honest, speech systems like Siri, Amazon Alexa, and Google Assistant tend to fall short in a few predictable ways, especially if you’re using them beyond very basic tasks. Context handling is still weak, so you can ask one question, then a follow-up, and it suddenly forgets what you were talking about, which breaks the flow and makes anything multi-step frustrating. They also struggle with accents and natural speech patterns, meaning if you’re not speaking in a very neutral or expected way, recognition accuracy drops, especially when there is code-switching such as mixing languages.
",2245
P0081,new_recruits,Black,Male,SAE,True,True,bl_ma,True,45-54,"$70,000 to $79,999",Some college but no degree,Man,Black or African American,,I speak English fluently as a first language,Standard American English,,English,,English,,New York,,United States,,New York,Smartphone,,Moto G 5G 2024,"At least once per month, but not every week","At least once per week, but not every day",Moderately well,They sometimes get my sentences or questions wrong.,1651
P0131,new_recruits,Black,Male,non-SAE,True,True,bl_ma,True,35-44,"$100,000 to $149,999",Bachelor's degree in college (4-year),Man,Black or African American,,I speak English fluently as a first language,"African American English,Standard American English",,English,,"English,Spanish",,Georgia,,United States,,Georgia,Smartphone,,iPhone 16,Daily or more,Daily or more,Very well,Not enough to garner my immediate attention,827
P0075,new_recruits,Black,Male,non-SAE,True,True,bl_ma,True,25-34,"$90,000 to $99,999",Master's degree,Man,Black or African American,,I speak English fluently as a first language,African American English,,English,,English,,South Carolina,,United States,,South Carolina,Laptop/Computer with built-in microphone,,hp,"At least once per week, but not every day","At least once per week, but not every day",Very well,help me answer questions,2389
P0111,new_recruits,Black,Male,non-SAE,True,True,bl_ma,True,45-54,"$80,000 to $89,999",Doctoral degree,Man,Black or African American,,I speak English fluently as a first language,California accent,,English,,English,,Texas,,United States,,California,Laptop/Computer with external microphone,,HP Slim Desktop,Only a few times,Daily or more,Slightly well,They can only do the most basic tasks and they are slower,1870
P0092,new_recruits,Black,Male,non-SAE,True,True,bl_ma,True,35-44,"$40,000 to $49,999",Some college but no degree,Man,Black or African American,,I speak English fluently as a first language,"African American English,Southern accent",,English,,English,,Florida,,United States,,Florida,Laptop/Computer with external microphone,,Corsair HS80 headset. Custom built Windows 11 PC,Only a few times,"At least once per month, but not every week",Very well,"Sometimes they mistake a word for another word, but nothing too commonplace",1171
P0129,new_recruits,Black,Male,non-SAE,True,True,bl_ma,True,35-44,"$70,000 to $79,999",Master's degree,Man,Black or African American,,I speak English fluently as a first language,African American English,,English,,English,,Georgia,,United States,,North Carolina,Laptop/Computer with built-in microphone,,hp laptop,"At least once per week, but not every day","At least once per week, but not every day",Moderately well,no,1572
P0098,new_recruits,Black,Male,non-SAE,True,True,bl_ma,True,55-64,"$150,000 or more",Bachelor's degree in college (4-year),Man,Black or African American,,I speak English fluently as a first language,Mid Atlantic accent,,English,,English,,Connecticut,,United States,,New York,Other (Please specify),Laptop with gamer headset with microphone,,Only a few times,"At least once per week, but not every day",Slightly well,failed to catch all of the details in a particular question,1235
P0078,new_recruits,Black,Male,SAE,True,True,bl_ma,True,35-44,"$60,000 to $69,999",High school graduate (high school diploma or equivalent including GED),Man,Black or African American,,I speak English fluently as a first language,Standard American English,,English,,English,,Florida,,United States,,Florida,Laptop/Computer with external microphone,,dell optiplex 3040 victrix mic,Daily or more,Daily or more,Extremely well,no I've always have great experience with ai,1950
P0072,new_recruits,Black,Male,non-SAE,True,True,bl_ma,True,45-54,"$80,000 to $89,999",Some college but no degree,Man,Black or African American,,I speak English fluently as a first language,African American English,,English,,English,,Georgia,,United States,,Georgia,Laptop/Computer with built-in microphone,,Dell Inspiron 16,Daily or more,Daily or more,Moderately well,,1213
P0097,new_recruits,Black,Male,non-SAE,True,True,bl_ma,True,35-44,"$40,000 to $49,999",High school graduate (high school diploma or equivalent including GED),Man,Black or African American,,I speak English fluently as a first language,African American English,,English,,English,,Nevada,,United States,,Nevada,Smartphone,,Google pixel 6 A,"At least once per month, but not every week",Daily or more,Very well,They don't always catch the cadence of my voice ,1353
P0074,new_recruits,Black,Male,non-SAE,True,True,bl_ma,True,35-44,"$80,000 to $89,999",Master's degree,Man,Black or African American,,I speak English fluently as a second or additional language,"Any non-American accent (British, European, Asian, African, etc)",African English accent ,Arabic,,"Arabic,English",,North Carolina,,United States,,North Carolina,Laptop/Computer with built-in microphone,,MacBook Pro with microphone of iPhone 15 ,"At least once per week, but not every day",Daily or more,Moderately well,"They sometimes don’t understand my accent, so I have to repeat. They also give wrong answers because they mishear words.",1803
P0113,new_recruits,Black,Male,SAE,True,True,bl_ma,True,18-24,"$100,000 to $149,999",High school graduate (high school diploma or equivalent including GED),Man,Black or African American,,I speak English fluently as a first language,Standard American English,,English,,English,,Maryland,,United States,,Maryland,Laptop/Computer with external microphone,,lenovo legion 7i,Not at all,Not at all,Very well,,1594
P0114,new_recruits,Black,Male,non-SAE,True,True,bl_ma,True,35-44,"$70,000 to $79,999",Some college but no degree,Man,Black or African American,,I speak English fluently as a first language,African American English,,English,,English,,Virginia,,United States,,Virginia,Laptop/Computer with built-in microphone,,iphone 17,"At least once per week, but not every day",Daily or more,Very well,no,1182
P0069,new_recruits,Black,Male,non-SAE,True,True,bl_ma,True,65-74,"$40,000 to $49,999",High school graduate (high school diploma or equivalent including GED),Man,Black or African American,,I speak English fluently as a first language,"New Orleans / Cajun accent,Any non-American accent (British, European, Asian, African, etc)",African accent,English,,English,,Maryland,,Other (Please specify),Cameroon ,,Smartphone,,iPhone 17 pro max ,"At least once per month, but not every week",Daily or more,Very well,No,4218
P0120,new_recruits,Black,Male,SAE,True,True,bl_ma,True,25-34,"$60,000 to $69,999",Bachelor's degree in college (4-year),Man,Black or African American,,I speak English fluently as a first language,Standard American English,,English,,English,,Florida,,United States,,Florida,Laptop/Computer with external microphone,,Dell XPS 13,"At least once per week, but not every day","At least once per week, but not every day",Moderately well,I can't recall,1166
P0123,new_recruits,Black,Male,SAE,True,True,bl_ma,True,35-44,"$20,000 to $29,999",Bachelor's degree in college (4-year),Man,"Black or African American,Hispanic or Latino",,I speak English fluently as a first language,Standard American English,,English,,English,,New York,,United States,,New York,Laptop/Computer with built-in microphone,,Dell Latitude E7440,Only a few times,"At least once per week, but not every day",Very well,"No, there is not. Sometimes they get a word or two wrong, but they are generally effective.",2415
P0110,new_recruits,Black,Male,non-SAE,True,True,bl_ma,True,18-24,"$70,000 to $79,999",High school graduate (high school diploma or equivalent including GED),Man,Black or African American,,I speak English fluently as a first language,African American English,,English,,English,,New York,,United States,,New York,Laptop/Computer with built-in microphone,,Lenovo X1 Yoga,"At least once per week, but not every day",Daily or more,Very well,Yes,2474
P0102,new_recruits,Black,Male,SAE,True,True,bl_ma,True,25-34,"$20,000 to $29,999",Bachelor's degree in college (4-year),Man,Black or African American,,I speak English fluently as a first language,Standard American English,,English,,English,,Florida,,United States,,"Florida,New Jersey,New York",Laptop/Computer with external microphone,,MacBook Pro 2020,Daily or more,"At least once per week, but not every day",Slightly well,Alexa specifically often fails to trigger at the command word. ,1089
P0292,reconsent,Black,Female,non-SAE,True,True,bl_fe,True,45-54,"$70,000 to $79,999",Bachelor's degree in college (4-year),Woman,Black or African American,,I speak English fluently as a first language,"African American English,Pacific Northwest accent",,English,,English,,Washington,,United States,,Washington,Smartphone,,Samsung S25,"At least once per week, but not every day","At least once per week, but not every day",Moderately well,Having to repeat myself ,959
P0313,reconsent,Black,Female,non-SAE,True,True,bl_fe,True,35-44,"$40,000 to $49,999",Bachelor's degree in college (4-year),Woman,Black or African American,,I speak English fluently as a first language,African American English,,English,,Spanish,,Michigan,,United States,,Michigan,Laptop/Computer with built-in microphone,,hp laptop 14-ep2xxx,Daily or more,Daily or more,Very well,"Some like Gemini for google has failed at understanding  my question during a conversation, also slow  or confusing responses that are not on topic. ",1745
P0304,reconsent,Black,Female,SAE,True,True,bl_fe,True,35-44,"$30,000 to $39,999",Some college but no degree,Woman,Black or African American,,I speak English fluently as a first language,Standard American English,,English,,English,,Virginia,,United States,,Virginia,Smartphone,,iPhone XS Max,"At least once per week, but not every day","At least once per week, but not every day",Very well,No they performed very well for me. I have had no issues.,1618
P0286,reconsent,Black,Female,non-SAE,True,True,bl_fe,True,35-44,"$10,000 to $19,999",High school graduate (high school diploma or equivalent including GED),Woman,Black or African American,,I speak English fluently as a first language,"African American English,Standard American English",,English,,English,,North Carolina,,United States,,New York,Smartphone,,iPhone 11,Daily or more,Daily or more,Moderately well,No it is not,1253
P0267,reconsent,Black,Female,SAE,True,True,bl_fe,True,35-44,"$100,000 to $149,999",Master's degree,Woman,Black or African American,,I speak English fluently as a first language,Standard American English,,English,,"French,Spanish",,New York,,United States,,New York,Laptop/Computer with built-in microphone,,MacBook Air,"At least once per month, but not every week","At least once per week, but not every day",Very well,Sometimes I'm looking for a level of specificity that is more suited for other means.,1328
P0281,reconsent,Black,Female,non-SAE,True,True,bl_fe,True,25-34,"$50,000 to $59,999",High school graduate (high school diploma or equivalent including GED),Woman,Black or African American,,I speak English fluently as a first language,African American English,,English,,English,,Georgia,,United States,,Georgia,Smartphone,,iPhone 13,"At least once per week, but not every day","At least once per week, but not every day",Very well,No,1048
P0261,reconsent,Black,Female,non-SAE,True,True,bl_fe,True,45-54,"$50,000 to $59,999",Bachelor's degree in college (4-year),Woman,Black or African American,,I speak English fluently as a first language,African American English,,English,,French,,Louisiana,,United States,,Louisiana,Smartphone,,iPhone 15 plu,Daily or more,Daily or more,Very well,Siri has given me issues before with understanding what I was asking to do. I have to repeat myself repeatedly ,1665
P0305,reconsent,Black,Female,non-SAE,True,True,bl_fe,True,25-34,"$70,000 to $79,999",Bachelor's degree in college (4-year),Woman,Black or African American,,I speak English fluently as a first language,African American English,,English,,English,,Texas,,United States,,Texas,Laptop/Computer with external microphone,,HP Pavillion,"At least once per week, but not every day","At least once per week, but not every day",Very well,They sometimes fail to recognize my voice.,2175
P0256,reconsent,Black,Female,non-SAE,True,True,bl_fe,True,35-44,"$90,000 to $99,999",Bachelor's degree in college (4-year),Woman,Black or African American,,I speak English fluently as a first language,African American English,,English,,English,,North Carolina,,United States,,"New York,North Carolina",Laptop/Computer with built-in microphone,,IdeaPad 3 Chromebook 15IJL6 Lenovo,"At least once per week, but not every day","At least once per week, but not every day",Very well,No.,2745
P0251,reconsent,Black,Female,non-SAE,True,True,bl_fe,True,18-24,"Less than $10,000",Some college but no degree,Woman,Black or African American,,I speak English fluently as a first language,African American English,,English,,English,,Georgia,,United States,,Georgia,Laptop/Computer with built-in microphone,,Nemo n100,Only a few times,Daily or more,Moderately well,It doesn't always give you the answer you want.,2548
P0275,reconsent,Black,Female,non-SAE,True,True,bl_fe,True,25-34,"Less than $10,000",High school graduate (high school diploma or equivalent including GED),Woman,Black or African American,,I speak English fluently as a first language,African American English,,English,,English,,Georgia,,United States,,Georgia,Smartphone,,iPhone 14 Pro max,"At least once per week, but not every day","At least once per month, but not every week",Extremely well,Sometimes they may not understand ,1967
P0285,reconsent,Black,Female,non-SAE,True,True,bl_fe,True,45-54,"$100,000 to $149,999",Master's degree,Woman,Black or African American,,I speak English fluently as a first language,"African American English,Southern accent",,English,,English,,Alabama,,United States,,Alabama,Smartphone,,iPhone 13,Only a few times,Daily or more,Moderately well,,3492
P0258,reconsent,Black,Female,non-SAE,True,True,bl_fe,True,35-44,"$50,000 to $59,999",Bachelor's degree in college (4-year),Woman,Black or African American,,I speak English fluently as a first language,"African American English,Standard American English",,English,,"English,French",,Missouri,,United States,,Missouri,Laptop/Computer with built-in microphone,,iPhone SE,Only a few times,Daily or more,Moderately well,"Yes, it often under-performs, and this is why I don't use it much on my phone. ",2492
P0293,reconsent,Black,Female,non-SAE,True,True,bl_fe,True,55-64,"$100,000 to $149,999",Bachelor's degree in college (4-year),Woman,Black or African American,,I speak English fluently as a first language,"Southern accent,Standard American English",,English,,English,,Florida,,United States,,Florida,Laptop/Computer with built-in microphone,,Apple MacBook Pro M4,"At least once per week, but not every day","At least once per week, but not every day",Very well,"No, I haven't had any problem with them responding and performing well for me.",2285
P0316,reconsent,Black,Female,non-SAE,True,True,bl_fe,True,25-34,"$70,000 to $79,999",Associate degree in college (2-year),Woman,Black or African American,,I speak English fluently as a first language,Southern accent,,English,,English,,Texas,,United States,,Texas,Laptop/Computer with built-in microphone,,HP Laptop,Daily or more,"At least once per month, but not every week",Very well,"When I use Google Assistant, sometimes I find that I have to repeat myself a lot. Then, the results aren't always what I asked for.",2189
P0290,reconsent,Black,Female,non-SAE,True,True,bl_fe,True,45-54,"$30,000 to $39,999",Master's degree,Woman,Black or African American,,I speak English fluently as a first language,"African American English,Southern accent",,English,,English,,Georgia,,United States,,Georgia,Laptop/Computer with external microphone,,Dell windows 10pro ,Daily or more,Daily or more,Very well,none,1790
P0264,reconsent,Black,Female,non-SAE,True,True,bl_fe,True,45-54,"$40,000 to $49,999",Associate degree in college (2-year),Woman,Black or African American,,I speak English fluently as a first language,African American English,,English,,English,,Connecticut,,United States,,Connecticut,Laptop/Computer with external microphone,,HP laptop cnx222,Only a few times,"At least once per month, but not every week",Moderately well,"No, I just feel like sometimes my voice is low even when I am trying to speak loud and clear",1807
P0265,reconsent,Black,Female,SAE,True,True,bl_fe,True,35-44,"$50,000 to $59,999",Associate degree in college (2-year),Woman,Black or African American,,I speak English fluently as a first language,Standard American English,,English,,English,,Texas,,United States,,Minnesota,Laptop/Computer with built-in microphone,,Dell OptiPlex 7450,Daily or more,"At least once per week, but not every day",Very well,"Sometimes it seems like they just cannot comprehend or catch what I am saying, which is annoying, becasue I speak very loud and clearly, and do not mumble or have an accent. So it's annoying when the AI reponds like they can't understand what I am trying to ask.",2364
P0307,reconsent,Black,Female,SAE,True,True,bl_fe,True,45-54,"$80,000 to $89,999",Master's degree,Woman,Black or African American,,I speak English fluently as a first language,Standard American English,,English,,English,,Virginia,,United States,,New York,Laptop/Computer with built-in microphone,,"Lenovo 14e Chromebook 14"""" AMD A4-9120C 4GB Ram 32GB eMMC Chrome OS (Renewed), Mineral Grey","At least once per week, but not every day","At least once per week, but not every day",Very well,No,2268
P0310,reconsent,Black,Female,SAE,True,True,bl_fe,True,35-44,"$100,000 to $149,999",Some college but no degree,Woman,Black or African American,,I speak English fluently as a first language,Standard American English,,English,,English,,Michigan,,United States,,Michigan,Smartphone,,iPhone 15 Pro Max,"At least once per week, but not every day","At least once per week, but not every day",Extremely well,There are no specific ways in which speech based systems have underperformed for me.,949
P0288,reconsent,Black,Female,SAE,True,True,bl_fe,True,55-64,"$100,000 to $149,999",High school graduate (high school diploma or equivalent including GED),Woman,Black or African American,,I speak English fluently as a first language,Standard American English,,English,,English,,Florida,,United States,,Florida,Laptop/Computer with built-in microphone,,not sure,Only a few times,Only a few times,Slightly well,no,1963
P0266,reconsent,Black,Non-binary,non-SAE,False,False,bl_fe,False,35-44,"$90,000 to $99,999",Associate degree in college (2-year),Non-binary,Black or African American,,I speak English fluently as a first language,"African American English,Southern accent",,English,,English,,Ohio,,United States,,Georgia,Laptop/Computer with built-in microphone,,Lenovo Yoga,Not at all,Not at all,Moderately well,"I talk very fast and they can't keep up. I also have a cluttering problem with my speech, where words kinda blend together.",1757
P0314,reconsent,Black,Female,SAE,True,True,bl_fe,True,25-34,"$100,000 to $149,999",Bachelor's degree in college (4-year),Woman,Black or African American,,I speak English fluently as a first language,Standard American English,,English,,English,,Florida,,United States,,Florida,Smartphone,,iPhone 13 mini ,Daily or more,Daily or more,Very well,No not yet ,1917
P0252,reconsent,Black,Female,non-SAE,True,True,bl_fe,True,25-34,"$90,000 to $99,999",Bachelor's degree in college (4-year),Woman,Black or African American,,I speak English fluently as a second or additional language,African American English,,French,,"English,French",,Indiana,,Other (Please specify),Senegal,,Laptop/Computer with built-in microphone,,HP Laptop 15-ef2xx,"At least once per week, but not every day",Daily or more,Very well,sometimes hearing things wrong,1966
P0309,reconsent,Black,Female,non-SAE,True,True,bl_fe,True,45-54,"$90,000 to $99,999",Bachelor's degree in college (4-year),Woman,"Black or African American,Hispanic or Latino",,I speak English fluently as a first language,"African American English,Southern accent",,English,,"English,Spanish",,Georgia,,United States,,Texas,Laptop/Computer with built-in microphone,,Acer Laptop (there is nothing in system information specifying a model) ,"At least once per week, but not every day",Daily or more,Extremely well,there are times when i am speaking to fast and i have to speak slowly to be better understood.,1989
P0284,reconsent,Black,Female,non-SAE,True,True,bl_fe,True,45-54,"$100,000 to $149,999",Associate degree in college (2-year),Woman,Black or African American,,I speak English fluently as a first language,"African American English,Southern accent,Standard American English",,English,,English,,Texas,,United States,,Mississippi,Laptop/Computer with external microphone,,HP Laptop ,"At least once per week, but not every day",Daily or more,Moderately well,Sometimes they start speaking with no one having asked it anything which scares me at times. Sometimes my speech has not been understood although I have repeated it several times and so the answered returned does not make sense to me.,1577
P0255,reconsent,Black,Female,non-SAE,True,True,bl_fe,True,25-34,"$30,000 to $39,999",Some college but no degree,Woman,Black or African American,,I speak English fluently as a first language,"African American English,Southern accent,Standard American English",,English,,English,,Alabama,,United States,,"Illinois,Virginia",Smartphone,,iPhone 16 Pro,Daily or more,"At least once per week, but not every day",Very well,Alexa ,3159
P0282,reconsent,Black,Female,non-SAE,True,True,bl_fe,True,25-34,"$80,000 to $89,999",Doctoral degree,Woman,Black or African American,,I speak English fluently as a first language,"African American English,Standard American English",,English,,English,,Virginia,,United States,,Virginia,Laptop/Computer with built-in microphone,,HP Elitebook 755 G5,"At least once per week, but not every day",Daily or more,Very well,I haven't encountered any performance issues with speech-based systems.,1888
P0283,reconsent,Black,Female,non-SAE,True,True,bl_fe,True,35-44,"$60,000 to $69,999",Some college but no degree,Woman,Black or African American,,I speak English fluently as a first language,"African American English,Southern accent,Standard American English",,English,,English,,Georgia,,United States,,Georgia,Laptop/Computer with external microphone,,DELL OptiPlex 7020,"At least once per week, but not every day",Daily or more,Moderately well,"Not really. Sometimes it doesn't register whole sections of speech randomly, but other than that there have been few issues.",3989
P0297,reconsent,Black,Female,non-SAE,True,True,bl_fe,True,35-44,"$20,000 to $29,999",Bachelor's degree in college (4-year),Woman,Black or African American,,I speak English fluently as a first language,African American English,,English,,English,,North Carolina,,United States,,North Carolina,Laptop/Computer with built-in microphone,,HP Laptop 14,Only a few times,Only a few times,Moderately well,Sometimes they type the incorrect word (that I say),2538
P0308,reconsent,Black,Female,non-SAE,True,True,bl_fe,True,35-44,"$90,000 to $99,999",Associate degree in college (2-year),Woman,Black or African American,,I speak English fluently as a first language,African American English,,English,,English,,Michigan,,United States,,Michigan,Laptop/Computer with external microphone,,HP laptop ,"At least once per week, but not every day",Daily or more,Very well,,1869
P0312,reconsent,Black,Female,SAE,True,True,bl_fe,True,65-74,"$70,000 to $79,999",Associate degree in college (2-year),Woman,Black or African American,,I speak English fluently as a first language,Standard American English,,English,,English,,Oklahoma,,United States,,Oklahoma,Tablet,,Apple iPad Pro 10.5,"At least once per week, but not every day","At least once per month, but not every week",Very well,"Siri often hears unicorn or interpol for intercom, but I have learned many people have that issue. ",1951
P0317,reconsent,Black,Female,non-SAE,True,True,bl_fe,True,65-74,"$100,000 to $149,999",Bachelor's degree in college (4-year),Woman,Black or African American,,I speak English fluently as a first language,"African American English,Standard American English",,English,,English,,Louisiana,,United States,,Louisiana,Laptop/Computer with external microphone,,"Computer: Dell Windows Pro 10 
Headphone: Logitech 570e Stereo Headphones",Not at all,Only a few times,Very well,No,2370
P0269,reconsent,Black,Female,non-SAE,True,True,bl_fe,True,45-54,"$70,000 to $79,999","Professional degree (JD, MD)",Woman,Black or African American,,I speak English fluently as a first language,"African American English,Southern accent",,English,,English,,Georgia,,United States,,Alabama,Laptop/Computer with built-in microphone,,"Macbook Air, Apple M1 Chip, MacOS Sonoma, Version 14.3",Daily or more,Daily or more,Very well,"Alexa performs the worst for me. I usually ask her to play certain songs and unless I change the way I ask at times, she will play something completely different.",1277
P0291,reconsent,Black,Female,non-SAE,True,True,bl_fe,True,35-44,"$50,000 to $59,999",Some college but no degree,Woman,Black or African American,,I speak English fluently as a first language,African American English,,English,,English,,Texas,,United States,,Texas,Laptop/Computer with external microphone,,DELL OPTIPLEX 7090,Daily or more,Daily or more,Very well,Yes as they do not understand sometimes ,2489
P0303,reconsent,Black,Female,non-SAE,True,True,bl_fe,True,25-34,"$40,000 to $49,999",Bachelor's degree in college (4-year),Woman,Black or African American,,I speak English fluently as a first language,"African American English,Standard American English",,English,,English,,Maryland,,United States,,District of Columbia,Laptop/Computer with built-in microphone,,"Macbook Air , Apple M2, 13.6inch","At least once per week, but not every day",Daily or more,Slightly well,Sometimes they don't understand what I am saying despite me speaking clearly. ,2699
P0278,reconsent,Black,Female,non-SAE,True,True,bl_fe,True,18-24,"$150,000 or more",Bachelor's degree in college (4-year),Woman,Black or African American,,I speak English fluently as a first language,African American English,,English,,English,,Texas,,United States,,Texas,Tablet,,Apple iPad ,Daily or more,Daily or more,Extremely well,No,1957
P0296,reconsent,Black,Female,non-SAE,True,True,bl_fe,True,45-54,"$90,000 to $99,999",Bachelor's degree in college (4-year),Woman,Black or African American,,I speak English fluently as a first language,"African American English,Southern accent,Standard American English",,English,,English,,Georgia,,United States,,District of Columbia,Laptop/Computer with external microphone,,HP Pavillion Desktop All in One 24- BRDFK7A,"At least once per week, but not every day","At least once per week, but not every day",Very well,The only way that speech-based systems have underperformed for me in the past is when it doesn't tell me when someone is at my front door after programming it to do so. It doesn't announce it every time.,3338
P0263,reconsent,Black,Male,non-SAE,True,False,bl_fe,False,25-34,"$30,000 to $39,999",Bachelor's degree in college (4-year),Man,Black or African American,,I speak English fluently as a first language,"African American English,Any non-American accent (British, European, Asian, African, etc)",african american,English,,English,,Arizona,,United States,,Arizona,Laptop/Computer with built-in microphone,,Dell Latitude 7480,"At least once per week, but not every day",Daily or more,Moderately well,"not exactly, i just prefer texting them",2203
P0302,reconsent,Black,Female,non-SAE,True,True,bl_fe,True,55-64,"$30,000 to $39,999",Master's degree,Woman,"Asian or Asian American,Black or African American,White or European American",,I speak English fluently as a first language,"African American English,California accent,Standard American English",,English,,English,,California,,United States,,Iowa,Laptop/Computer with built-in microphone,,"2018 Acer 15.6"" HD WLED Chromebook 15 with 3X Faster WiFi Laptop Computer, Intel Celeron Core N3060 up to 2.48GHz, 4GB RAM, 16GB eMMC, 802.11ac WiFi, Bluetooth 4.2, USB 3.0, HDMI, Chrome OS

",Not at all,"At least once per week, but not every day",Very well,No. I don't really use them much at all.,3518
P0254,reconsent,Black,Female,non-SAE,True,True,bl_fe,True,25-34,"$150,000 or more","Professional degree (JD, MD)",Woman,Black or African American,,I speak English fluently as a first language,African American English,,English,,"English,French",,New Jersey,,United States,,New York,Laptop/Computer with external microphone,,Dell latitude e6420,Daily or more,"At least once per week, but not every day",Very well,none i can recall,3037
P0289,reconsent,Black,Female,non-SAE,True,True,bl_fe,True,25-34,"Less than $10,000",Some college but no degree,Woman,Black or African American,,I speak English fluently as a first language,"African American English,Southern accent,New Orleans / Cajun accent,Standard American English",,English,,English,,Louisiana,,United States,,Louisiana,Laptop/Computer with built-in microphone,,Macbook M13,"At least once per month, but not every week","At least once per week, but not every day",Very well,no,2320
P0287,reconsent,Black,Female,non-SAE,True,True,bl_fe,True,25-34,"$70,000 to $79,999",High school graduate (high school diploma or equivalent including GED),Woman,Black or African American,,I speak English fluently as a first language,"African American English,Standard American English",,English,,English,,Georgia,,United States,,Georgia,Smartphone,,iPhone 8 Plus ,Daily or more,Only a few times,Very well,The times where I ask for conversions for non US currency ,2178
P0280,reconsent,Black,Female,SAE,True,True,bl_fe,True,65-74,"$50,000 to $59,999",Bachelor's degree in college (4-year),Woman,Black or African American,,I speak English fluently as a first language,Standard American English,,English,,English,,Texas,,United States,,Texas,Laptop/Computer with built-in microphone,,LAPTOP-44JABR9M,Daily or more,"At least once per week, but not every day",Moderately well,Google,1164
P0300,reconsent,Black,Female,non-SAE,True,True,bl_fe,True,35-44,"$40,000 to $49,999",Some college but no degree,Woman,Black or African American,,I speak English fluently as a first language,"African American English,New Orleans / Cajun accent",,English,,English,,Louisiana,,United States,,Louisiana,Smartphone,,Samsung galaxy A32 5g ,"At least once per week, but not every day","At least once per week, but not every day",Moderately well,Sometimes not picking up what I  am trying to convey. ,1728
P0259,reconsent,White,Female,non-SAE,True,False,bl_fe,False,35-44,"$40,000 to $49,999",Bachelor's degree in college (4-year),Woman,White or European American,,I speak English fluently as a second or additional language,Southern accent,,English,,English,,Virginia,,United States,,Virginia,Smartphone,,iPhone 16,Only a few times,"At least once per week, but not every day",Slightly well,Not hearing correctly,778
P0274,reconsent,Black,Female,SAE,True,True,bl_fe,True,25-34,"$50,000 to $59,999",Some college but no degree,Woman,Black or African American,,I speak English fluently as a first language,Standard American English,,English,,English,,Ohio,,United States,,Ohio,Laptop/Computer with external microphone,,HP Stream Laptop 14-cb1xxx,Daily or more,Daily or more,Very well,Only by not hearing the exact word I am saying on my device. ,3103
P0257,reconsent,Black,Female,non-SAE,True,True,bl_fe,True,55-64,"$60,000 to $69,999",Some college but no degree,Woman,Black or African American,,I speak English fluently as a first language,African American English,,English,,English,,North Carolina,,United States,,South Carolina,Laptop/Computer with external microphone,,HP Elitedesk 800 G4 DM 35W,Daily or more,Daily or more,Extremely well,Something they give you the wrong answer because they don't understand the question,1574
P0270,reconsent,Black,Female,non-SAE,True,True,bl_fe,True,25-34,"$40,000 to $49,999",Some college but no degree,Woman,Black or African American,,I speak English fluently as a first language,"African American English,Standard American English",,English,,English,,Maryland,,United States,,Maryland,Smartphone,,Samsung A15 5G,Daily or more,Not at all,Extremely well,Sometimes I will ask about a word in another language and it doesn't understand what I'm saying. ,1864
P0318,reconsent,Black,Female,non-SAE,True,True,bl_fe,True,45-54,"$50,000 to $59,999",Some college but no degree,Woman,Black or African American,,I speak English fluently as a first language,"New Orleans / Cajun accent,Standard American English",,English,,English,,Michigan,,United States,,Louisiana,Smartphone,,Samsung Galaxy a16,"At least once per week, but not every day",Daily or more,Very well,Occasionally they pick up a background voice instead of my own,2518
P0272,reconsent,Black,Female,non-SAE,True,True,bl_fe,True,35-44,"$50,000 to $59,999",Bachelor's degree in college (4-year),Woman,Black or African American,,I speak English fluently as a first language,African American English,,English,,English,,Tennessee,,United States,,Tennessee,Laptop/Computer with built-in microphone,,HP 15,Only a few times,"At least once per month, but not every week",Moderately well,No,3873
P0295,reconsent,Black,Female,SAE,True,True,bl_fe,True,35-44,"$100,000 to $149,999",Bachelor's degree in college (4-year),Woman,Black or African American,,I speak English fluently as a first language,Standard American English,,English,,English,,Georgia,,United States,,Georgia,Laptop/Computer with built-in microphone,,Lenovo intel core touchscreen,Daily or more,Daily or more,Moderately well,Sometimes they can transcribe or translate what I am saying accurately. ,1797
P0276,reconsent,Black,Female,non-SAE,True,True,bl_fe,True,25-34,"Less than $10,000",Some college but no degree,Woman,Black or African American,,I speak English fluently as a first language,"African American English,Southern accent,Standard American English",,English,,English,,Mississippi,,United States,,Mississippi,Smartphone,,iPhone 13 Pro Max,Daily or more,"At least once per month, but not every week",Extremely well,Sometimes they don’t understand what I say ,2248
P0315,reconsent,Black,Female,non-SAE,True,True,bl_fe,True,25-34,"$10,000 to $19,999",Some college but no degree,Woman,Black or African American,,I speak English fluently as a first language,"African American English,Southern accent,Standard American English",,English,,English,,Georgia,,United States,,Georgia,Tablet,,K10 K10C,"At least once per week, but not every day","At least once per week, but not every day",Very well,Yes sometimes Siri will misunderstood me and will bring up information different from what I asked for.,3219
P0277,reconsent,Black,Female,SAE,True,True,bl_fe,True,35-44,"$20,000 to $29,999",Associate degree in college (2-year),Woman,Black or African American,,I speak English fluently as a first language,Standard American English,,English,,English,,New York,,United States,,New York,Smartphone,,Moto G Power 2022,Only a few times,Only a few times,Very well,I cannot think of any way in which speech based systems have underperformed for me. ,1415
P0268,reconsent,Black,Female,non-SAE,True,True,bl_fe,True,45-54,"$80,000 to $89,999",Master's degree,Woman,Black or African American,,I speak English fluently as a first language,"African American English,Southern accent,Standard American English",,English,,English,,Georgia,,United States,,Georgia,Laptop/Computer with built-in microphone,,HP 14dq0xx,Not at all,"At least once per month, but not every week",Moderately well,no,2852
P0250,reconsent,Black,Female,non-SAE,True,True,bl_fe,True,35-44,"$90,000 to $99,999",Master's degree,Woman,Black or African American,,I speak English fluently as a first language,African American English,,English,,English,,Maryland,,United States,,Maryland,Laptop/Computer with built-in microphone,,HP laptop 14-dq2xxx,"At least once per month, but not every week","At least once per week, but not every day",Moderately well,no,2904
P0253,reconsent,Black,Male,non-SAE,True,False,bl_fe,False,18-24,"$10,000 to $19,999",Associate degree in college (2-year),Man,Black or African American,,I speak English fluently as a first language,African American English,,English,,English,,Ohio,,United States,,Ohio,Smartphone,,Iphone 11 pro,Daily or more,Only a few times,Extremely well,Not at all they perform pretty well actually i've never had any problems with them.,2742
P0299,reconsent,Black,Female,non-SAE,True,True,bl_fe,True,45-54,"$20,000 to $29,999",Bachelor's degree in college (4-year),Woman,Black or African American,,I speak English fluently as a first language,"African American English,Midland or Northern Midwest accent,Standard American English",,English,,English,,Ohio,,United States,,Ohio,Laptop/Computer with external microphone,,Samsung Galaxy Note20,Only a few times,"At least once per week, but not every day",Very well,no,1745
P0271,reconsent,Black,Female,non-SAE,True,True,bl_fe,True,65-74,"$20,000 to $29,999",Associate degree in college (2-year),Woman,Black or African American,,I speak English fluently as a first language,"African American English,Southern accent",,English,,English,,North Carolina,,United States,,Virginia,Laptop/Computer with external microphone,,Moto G Stylus G5 Android Version 12,Daily or more,"At least once per week, but not every day",Very well,I have experienced some underperformance with certain words not being understood clearly.,2880
P0311,reconsent,Black,Female,non-SAE,True,True,bl_fe,True,55-64,"$150,000 or more",Associate degree in college (2-year),Woman,Black or African American,,I speak English fluently as a first language,"African American English,Mid Atlantic accent",,English,,English,,Pennsylvania,,United States,,Pennsylvania,Laptop/Computer with external microphone,,HP Pro 6300 SFF,Not at all,Daily or more,Moderately well,,1456
P0301,reconsent,Black,Female,non-SAE,True,True,bl_fe,True,35-44,"$80,000 to $89,999",Bachelor's degree in college (4-year),Woman,Black or African American,,I speak English fluently as a first language,African American English,,English,,English,,Illinois,,United States,,Illinois,Laptop/Computer with built-in microphone,,LENOVO LAPTOP IDEAPAD3,Daily or more,Daily or more,Moderately well,OFTEN MISUNDERSTAND ,1477
P0262,reconsent,Black,Female,non-SAE,True,True,bl_fe,True,45-54,"$100,000 to $149,999",Bachelor's degree in college (4-year),Woman,Black or African American,,I speak English fluently as a first language,African American English,,English,,English,,Texas,,United States,,New York,Laptop/Computer with built-in microphone,,"Samsung Notebook, Model XE501C13",Daily or more,Daily or more,Extremely well,It frustrates me when I need to repeat my request.,1674
P0306,reconsent,Black,Female,non-SAE,True,True,bl_fe,True,45-54,"$30,000 to $39,999",Associate degree in college (2-year),Woman,Black or African American,,I speak English fluently as a first language,African American English,,English,,English,,North Carolina,,United States,,North Carolina,Tablet,,TCL TAB 8 PLUS,"At least once per month, but not every week",Only a few times,Very well,No,1937
P0260,reconsent,Black,Female,non-SAE,True,True,bl_fe,True,45-54,"$60,000 to $69,999",Bachelor's degree in college (4-year),Woman,Black or African American,,I speak English fluently as a first language,African American English,,English,,English,,Texas,,United States,,Louisiana,Laptop/Computer with built-in microphone,,gateway,"At least once per week, but not every day",Daily or more,Very well,,2160
P0294,reconsent,Black,Female,non-SAE,True,True,bl_fe,True,45-54,"$100,000 to $149,999",Master's degree,Woman,Black or African American,,I speak English fluently as a first language,African American English,,English,,English,,Michigan,,United States,,Michigan,Smartphone,,Apple IPhone 15,"At least once per week, but not every day","At least once per week, but not every day",Moderately well,Sometimes they do not understand the words as spoken.,2685
P0298,reconsent,Black,Female,SAE,True,True,bl_fe,True,35-44,"$20,000 to $29,999",Some college but no degree,Woman,Black or African American,,I speak English fluently as a first language,Standard American English,,English,,English,,Louisiana,,United States,,Louisiana,Laptop/Computer with built-in microphone,,hp,Daily or more,Daily or more,Very well,none,2926
P0273,reconsent,Black,Female,non-SAE,True,True,bl_fe,True,25-34,"$30,000 to $39,999",Some college but no degree,Woman,Black or African American,,I speak English fluently as a first language,African American English,,English,,English,,New York,,United States,,New York,Smartphone,,Samsung galaxy a15,Daily or more,"At least once per week, but not every day",Very well,Not at all,2344
P0279,reconsent,Black,Female,non-SAE,True,True,bl_fe,True,45-54,"$20,000 to $29,999",Master's degree,Woman,Black or African American,,I speak English fluently as a first language,"African American English,Standard American English",,English,,English,,Texas,,United States,,Texas,Laptop/Computer with built-in microphone,,laptop hp,Daily or more,Daily or more,Very well,No,4010
P0403,reconsent,White,Female,SAE,True,True,wh_fe,True,45-54,"$100,000 to $149,999",Master's degree,Woman,White or European American,,I speak English fluently as a first language,Standard American English,,English,,English,,Illinois,,United States,,Illinois,Laptop/Computer with built-in microphone,,Macbook Air,Only a few times,Daily or more,Very well,"No, they almost always get it right'",771
P0404,reconsent,White,Female,non-SAE,True,True,wh_fe,True,35-44,"$100,000 to $149,999",Master's degree,Woman,White or European American,,I speak English fluently as a first language,Southern accent,,English,,English,,South Carolina,,United States,,South Carolina,Laptop/Computer with built-in microphone,,Acer Aspire 5,Only a few times,"At least once per month, but not every week",Moderately well,"Nothing too specific, mostly just misunderstood words.",901
P0400,reconsent,White,Female,SAE,True,True,wh_fe,True,35-44,"$90,000 to $99,999",Bachelor's degree in college (4-year),Woman,White or European American,,I speak English fluently as a first language,Standard American English,,English,,English,,Nebraska,,United States,,Nebraska,Laptop/Computer with built-in microphone,,HP Laptop 15,Only a few times,Only a few times,Very well,no,1245
P0390,reconsent,White,Female,SAE,True,True,wh_fe,True,45-54,"$10,000 to $19,999",Some college but no degree,Woman,White or European American,,I speak English fluently as a first language,Standard American English,,English,,English,,California,,United States,,Oregon,Smartphone,,iPhone 11 Pro Max ,"At least once per month, but not every week","At least once per week, but not every day",Moderately well,,1226
P0408,reconsent,White,Female,non-SAE,True,True,wh_fe,True,45-54,"$30,000 to $39,999",Bachelor's degree in college (4-year),Woman,White or European American,,I speak English fluently as a first language,Southern accent,,English,,English,,South Carolina,,United States,,South Carolina,Laptop/Computer with built-in microphone,,Acer Chromebook 15,Daily or more,"At least once per week, but not every day",Moderately well,Sometimes they have issues understanding my accent and I have to repeat myself or correct what they don't understand.,1038
P0402,reconsent,White,Female,SAE,True,True,wh_fe,True,55-64,"$40,000 to $49,999",Some college but no degree,Woman,White or European American,,I speak English fluently as a first language,Standard American English,,English,,English,,Washington,,United States,,Utah,Laptop/Computer with built-in microphone,,"Lenovo 14e Chromebook 14""",Daily or more,"At least once per week, but not every day",Very well,Sometimes they don't give the correct response and I have to repeat myself. ,1391
P0428,reconsent,White,Female,non-SAE,True,True,wh_fe,True,35-44,"$80,000 to $89,999",Doctoral degree,Woman,White or European American,,I speak English fluently as a first language,"Midland or Northern Midwest accent,Standard American English",,English,,English,,Ohio,,United States,,Michigan,Smartphone,,iPhone 17 pro,"At least once per week, but not every day","At least once per month, but not every week",Slightly well,"Siri is a bit spotty, she gets my commands wrong often",1264
P0381,reconsent,White,Female,non-SAE,True,True,wh_fe,True,35-44,"$50,000 to $59,999",Associate degree in college (2-year),Woman,White or European American,,I speak English fluently as a first language,"New England accent,Standard American English",,English,,English,,New York,,United States,,New York,Laptop/Computer with built-in microphone,,asus vivoBook 15,"At least once per week, but not every day","At least once per month, but not every week",Extremely well,no usually all is understood,1451
P0382,reconsent,White,Female,SAE,True,True,wh_fe,True,45-54,"$20,000 to $29,999",Some college but no degree,Woman,White or European American,,I speak English fluently as a first language,Standard American English,,English,,English,,Georgia,,United States,,Missouri,Laptop/Computer with built-in microphone,,HP Pavilion laptop 15,Only a few times,"At least once per month, but not every week",Moderately well,"Not yet. I have only used them a little, though.",1606
P0425,reconsent,White,Female,non-SAE,True,True,wh_fe,True,45-54,"$60,000 to $69,999",Some college but no degree,Woman,"Hispanic or Latino,White or European American",,I speak English fluently as a first language,"California accent,Standard American English",,English,,English,,Florida,,United States,,California,Smartphone,,iPhone 12,"At least once per month, but not every week","At least once per month, but not every week",Moderately well,"Yes. Especially with Siri and asking for directions, or misunderstanding what I said.",1177
P0423,reconsent,White,Female,SAE,True,True,wh_fe,True,55-64,"$20,000 to $29,999",Some college but no degree,Woman,White or European American,,I speak English fluently as a first language,Standard American English,,English,,English,,Illinois,,United States,,Illinois,Laptop/Computer with built-in microphone,,Dell Inspiron 15 3535,Daily or more,"At least once per week, but not every day",Slightly well,"They're great for basic things like time, temperature, setting timers, reminders and alarms. But ask even a mildly complicated question, like whether a Polish accent would sound Slavic or something historical, or a math question, and very often it says it can't help. ",1623
P0411,reconsent,White,Female,SAE,True,True,wh_fe,True,65-74,"$100,000 to $149,999",Bachelor's degree in college (4-year),Woman,White or European American,,I speak English fluently as a first language,Standard American English,,English,,English,,New York,,United States,,New York,Laptop/Computer with external microphone,,Dell XPS 13 -JABRA Link 380,Daily or more,Daily or more,Very well,no,1504
P0397,reconsent,White,Female,SAE,True,True,wh_fe,True,35-44,"$90,000 to $99,999",Bachelor's degree in college (4-year),Woman,White or European American,,I speak English fluently as a first language,Standard American English,,English,,English,,Maryland,,United States,,Maryland,Smartphone,,iPhone 13 Pro,"At least once per week, but not every day","At least once per week, but not every day",Moderately well,Not really. It usually does well. ,1571
P0427,reconsent,White,Female,SAE,True,True,wh_fe,True,35-44,"$60,000 to $69,999",Bachelor's degree in college (4-year),Woman,White or European American,,I speak English fluently as a first language,Standard American English,,English,,English,,Michigan,,United States,,Michigan,Smartphone,,iPhone 15,"At least once per week, but not every day","At least once per week, but not every day",Very well,No nothing I can think of.,1276
P0398,reconsent,White,Female,non-SAE,True,True,wh_fe,True,65-74,"$70,000 to $79,999",Associate degree in college (2-year),Woman,White or European American,,I speak English fluently as a first language,Midland or Northern Midwest accent,,English,,English,,Florida,,United States,,Illinois,Laptop/Computer with external microphone,,Lenovo,Daily or more,Daily or more,Very well,"No, they all have been very helpful.",1589
P0375,reconsent,White,Female,non-SAE,True,True,wh_fe,True,55-64,"$100,000 to $149,999",Associate degree in college (2-year),Woman,White or European American,,I speak English fluently as a first language,"Southern accent,Standard American English",,English,,"English,French",,Pennsylvania,,United States,,Massachusetts,Laptop/Computer with built-in microphone,,Surface Pro,Daily or more,"At least once per week, but not every day",Extremely well,"Occasionally Alexa comes back with ""I don't know that"" in response to questions",1429
P0387,reconsent,White,Female,SAE,True,True,wh_fe,True,35-44,"$50,000 to $59,999",Some college but no degree,Woman,White or European American,,I speak English fluently as a first language,Standard American English,,English,,English,,Washington,,United States,,"Illinois,Louisiana,Texas,Wisconsin",Laptop/Computer with built-in microphone,,Acer Aspire 5,Not at all,Only a few times,Moderately well,no,1716
P0392,reconsent,White,Male,non-SAE,True,False,wh_fe,False,25-34,"$40,000 to $49,999",Less than high school degree,Man,White or European American,,I speak English fluently as a first language,Pacific Northwest accent,,English,,English,,New York,,United States,,Washington,Laptop/Computer with built-in microphone,,Dell Latitude 3400,Only a few times,Daily or more,Slightly well,"When I start talking a lot I say um and ah a lot and things like that, and sometimes start talking fast and blurring words together or jumbling things up, it has a problem with that so i prefer to type",1529
P0445,reconsent,White,Female,non-SAE,True,True,wh_fe,True,25-34,"$70,000 to $79,999",Bachelor's degree in college (4-year),Woman,White or European American,,I speak English fluently as a first language,Southern accent,,English,,English,,Mississippi,,United States,,Mississippi,Laptop/Computer with built-in microphone,,HP Pavilion Ryzen 4000 series,"At least once per week, but not every day",Daily or more,Moderately well,"When I use my normal speaking voice, I have a fairly thick southern accent and sometimes it can be hard for it to decipher. ",1867
P0436,reconsent,White,Female,SAE,True,True,wh_fe,True,55-64,"$80,000 to $89,999",Bachelor's degree in college (4-year),Woman,White or European American,,I speak English fluently as a first language,Standard American English,,"English,German",,German,,California,,United States,,New York,Laptop/Computer with built-in microphone,,Acer,Only a few times,Not at all,Slightly well,Sometimes I get wrong answers or the assistant can't help,1901
P0378,reconsent,White,Female,non-SAE,True,True,wh_fe,True,25-34,"$60,000 to $69,999",Bachelor's degree in college (4-year),Woman,White or European American,,I speak English fluently as a first language,Midland or Northern Midwest accent,,English,,English,,North Carolina,,United States,,North Carolina,Smartphone,,iPhone 16 Pro,"At least once per week, but not every day",Daily or more,Very well,Not understanding what I’m saying in loud situations ,1952
P0401,reconsent,White,Female,non-SAE,True,True,wh_fe,True,65-74,"$40,000 to $49,999",Some college but no degree,Woman,White or European American,,I speak English fluently as a first language,Mid Atlantic accent,,English,,English,,Maryland,,United States,,Maryland,Laptop/Computer with built-in microphone,,Dell Inspiration 3501,Only a few times,"At least once per month, but not every week",Very well,"Not really, for the times that I have used them they have worked well.",1771
P0444,reconsent,White,Female,SAE,True,True,wh_fe,True,65-74,"$20,000 to $29,999",High school graduate (high school diploma or equivalent including GED),Woman,White or European American,,I speak English fluently as a first language,Standard American English,,English,,English,,New York,,United States,,New York,Laptop/Computer with built-in microphone,,Lenovo ThinkPad,Not at all,"At least once per week, but not every day",Slightly well,I only use voice to text. Sometimes I am impressed and sometimes it makes mistakes I would not expect.,1322
P0424,reconsent,White,Female,non-SAE,True,True,wh_fe,True,25-34,"$90,000 to $99,999",Some college but no degree,Woman,White or European American,,I speak English fluently as a first language,"California accent,Standard American English",,English,,English,,Nevada,,United States,,Nevada,Laptop/Computer with built-in microphone,,Chromebook Acer 138.0.7204.163,"At least once per month, but not every week","At least once per week, but not every day",Moderately well,They aren't always able to find and present the info you're looking for,1571
P0434,reconsent,White,Female,SAE,True,True,wh_fe,True,35-44,"$60,000 to $69,999",Bachelor's degree in college (4-year),Woman,White or European American,,I speak English fluently as a first language,Standard American English,,English,,English,,Texas,,United States,,New Mexico,Laptop/Computer with external microphone,,ASUS Intel Celeron N4020 4GB 64GB 14-Inch ,Not at all,Not at all,Slightly well,Google sometimes gets it wrong,1450
P0441,reconsent,White,Female,SAE,True,True,wh_fe,True,55-64,"$30,000 to $39,999",High school graduate (high school diploma or equivalent including GED),Woman,White or European American,,I speak English fluently as a first language,Standard American English,,English,,Other,"none, I know some spanish and some korean but neither very well",Arkansas,,United States,,Arkansas,Laptop/Computer with built-in microphone,,Dell Inspiron 16 2 in 1 laptop,Not at all,"At least once per week, but not every day",Very well,"I have tried them and dont seem to have any issues with them. I find the info given is just the same as what you can look up, they arent anything special",2194
P0421,reconsent,White,Female,non-SAE,True,True,wh_fe,True,55-64,"$100,000 to $149,999",Master's degree,Woman,White or European American,,I speak English fluently as a first language,Midland or Northern Midwest accent,,English,,English,,Illinois,,United States,,Illinois,Smartphone,,iPhone 16,"At least once per week, but not every day","At least once per week, but not every day",Very well,No,1683
P0432,reconsent,White,Female,non-SAE,True,True,wh_fe,True,25-34,"$80,000 to $89,999",Master's degree,Woman,White or European American,,I speak English fluently as a first language,California accent,,English,,English,,Nevada,,United States,,California,Smartphone,,iPhone 14 Pro Max ,Only a few times,Daily or more,Moderately well,Misunderstanding what I said,1605
P0394,reconsent,White,Female,non-SAE,True,True,wh_fe,True,35-44,"$150,000 or more",Doctoral degree,Woman,White or European American,,I speak English fluently as a first language,Southern accent,,English,,English,,Tennessee,,United States,,Tennessee,Laptop/Computer with built-in microphone,,Dell Inspiron 15,"At least once per week, but not every day","At least once per week, but not every day",Moderately well,Sometimes the accent is very different from mine.,1861
P0377,reconsent,White,Female,non-SAE,True,True,wh_fe,True,45-54,"$60,000 to $69,999",Some college but no degree,Woman,White or European American,,I speak English fluently as a first language,"Southern accent,Standard American English",,English,,English,,Florida,,United States,,Florida,Laptop/Computer with external microphone,,"System Model	HP Laptop 15-fc0xxx
Windows 11 operating system",Only a few times,"At least once per month, but not every week",Very well,Sometimes they don't understand what I am saying or exactly what I am asking for.,1724
P0420,reconsent,White,Female,non-SAE,True,True,wh_fe,True,55-64,"$100,000 to $149,999",Bachelor's degree in college (4-year),Woman,White or European American,,I speak English fluently as a first language,Southern accent,,English,,English,,South Carolina,,United States,,North Carolina,Smartphone,,iPhone 14,Daily or more,"At least once per week, but not every day",Moderately well,Especially Siri giving me answers to questions I never asked because she doesn’t understand nor hear me clearly. ,1550
P0431,reconsent,White,Female,non-SAE,True,True,wh_fe,True,25-34,"$60,000 to $69,999",Master's degree,Woman,White or European American,,I speak English fluently as a first language,Southern accent,,English,,English,,North Carolina,,United States,,North Carolina,Smartphone,,iPhone 12 Pro Max ,Daily or more,Daily or more,Moderately well,Just today I was asking Alexa to read me the news in the morning and she kept playing it right now. Took a few tries to get her to schedule it ,1667
P0399,reconsent,White,Female,non-SAE,True,True,wh_fe,True,35-44,"$100,000 to $149,999",High school graduate (high school diploma or equivalent including GED),Woman,White or European American,,I speak English fluently as a first language,California accent,,English,,English,,California,,United States,,California,Laptop/Computer with external microphone,,Macbook Air M4,"At least once per month, but not every week","At least once per week, but not every day",Extremely well,"No, I never have any issues with speech-based systems.",2455
P0488,reconsent,White,Male,SAE,True,True,wh_ma,True,25-34,"$30,000 to $39,999",High school graduate (high school diploma or equivalent including GED),Man,White or European American,,I speak English fluently as a first language,Standard American English,,English,,English,,Ohio,,United States,,Ohio,Smartphone,,T mobile revvl 6 pro,Daily or more,"At least once per week, but not every day",Very well,Nothing comes to mind ,994
P0389,reconsent,White,Female,non-SAE,True,True,wh_fe,True,65-74,"$10,000 to $19,999",Bachelor's degree in college (4-year),Woman,White or European American,,I speak English fluently as a first language,Southern accent,,English,,English,,Kentucky,,United States,,Kentucky,Smartphone,,Motorola Moto g stylus ,Only a few times,Only a few times,Slightly well,Understanding my accent,1516
P0430,reconsent,White,Female,non-SAE,True,True,wh_fe,True,45-54,"$100,000 to $149,999",Master's degree,Woman,White or European American,,I speak English fluently as a first language,Southern accent,,English,,Polish,,North Carolina,,United States,,North Carolina,Smartphone,,Iphone 13 ,Daily or more,"At least once per week, but not every day",Extremely well,No,2550
P0391,reconsent,White,Female,non-SAE,True,True,wh_fe,True,35-44,"$40,000 to $49,999",Bachelor's degree in college (4-year),Woman,White or European American,,I speak English fluently as a first language,"California accent,Standard American English",,"English,German",,"English,German",,Massachusetts,,United States,,California,Smartphone,,iPhone SE 2020,Daily or more,Daily or more,Very well,"When saying words in other languages, or when making commands to play certain pieces of music",2096
P0442,reconsent,White,Female,SAE,True,True,wh_fe,True,45-54,"$20,000 to $29,999",Some college but no degree,Woman,White or European American,,I speak English fluently as a first language,Standard American English,,English,,English,,Michigan,,United States,,Michigan,Laptop/Computer with external microphone,,Lenovo chromebook,Only a few times,Only a few times,Slightly well,google,2018
P0497,reconsent,White,Male,non-SAE,True,True,wh_ma,True,35-44,"$60,000 to $69,999",Some college but no degree,Man,White or European American,,I speak English fluently as a first language,Southern accent,,English,,English,,Georgia,,United States,,Georgia,Smartphone,,Samsung Galaxy A14,"At least once per week, but not every day","At least once per week, but not every day",Extremely well,None that I can think of. ,1096
P0379,reconsent,White,Female,SAE,True,True,wh_fe,True,65-74,"$100,000 to $149,999",Bachelor's degree in college (4-year),Woman,White or European American,,I speak English fluently as a first language,Standard American English,,English,,English,,Alabama,,United States,,Kansas,Laptop/Computer with external microphone,,HP Pavillion Laptop,"At least once per week, but not every day","At least once per week, but not every day",Extremely well,No,1819
P0469,reconsent,White,Male,non-SAE,True,True,wh_ma,True,25-34,"$30,000 to $39,999",High school graduate (high school diploma or equivalent including GED),Man,White or European American,,I speak English fluently as a first language,Southern accent,,English,,English,,North Carolina,,United States,,Florida,Laptop/Computer with external microphone,,Galaxy S23 FE,"At least once per week, but not every day",Daily or more,Moderately well,Some of the time just not picking up voices in general.,1053
P0443,reconsent,White,Female,SAE,True,True,wh_fe,True,25-34,"$10,000 to $19,999",Some college but no degree,Woman,White or European American,,I speak English fluently as a first language,Standard American English,,Other,englush,English,,New York,,United States,,"New York,Vermont",Laptop/Computer with built-in microphone,,ideapad 3 ,Daily or more,"At least once per month, but not every week",Very well,sometimes not understanding what I am requesting,2645
P0418,reconsent,White,Female,non-SAE,True,True,wh_fe,True,45-54,"Less than $10,000",Associate degree in college (2-year),Woman,White or European American,,I speak English fluently as a first language,Midland or Northern Midwest accent,,English,,English,,Colorado,,United States,,Alabama,Other (Please specify),iPhone 16 plus with Apple airpods,,"At least once per week, but not every day",Only a few times,Very well,"Only Google Maps has underperformed, the rest were all good.",2745
P0455,reconsent,White,Male,SAE,True,True,wh_ma,True,35-44,"$90,000 to $99,999",Bachelor's degree in college (4-year),Man,White or European American,,I speak English fluently as a first language,Standard American English,,English,,English,,Arizona,,United States,,Arizona,Laptop/Computer with external microphone,,Lenovo Thinkpad 20TG003EUS,Daily or more,Daily or more,Very well,Sometimes they don't understand me or understand what I am trying to ask.,1063
P0395,reconsent,White,Female,non-SAE,True,True,wh_fe,True,35-44,"$150,000 or more",Bachelor's degree in college (4-year),Woman,White or European American,,I speak English fluently as a first language,California accent,,English,,English,,California,,United States,,California,Laptop/Computer with built-in microphone,,Asus Chromebook,Daily or more,Daily or more,Very well,Siri sometimes doesn't understand what I am saying. Alexa specifically seems to always get what I am requesting wrong. ,2358
P0451,reconsent,White,Male,SAE,True,True,wh_ma,True,45-54,"$80,000 to $89,999",Bachelor's degree in college (4-year),Man,White or European American,,I speak English fluently as a first language,Standard American English,,English,,English,,Pennsylvania,,United States,,Pennsylvania,Laptop/Computer with external microphone,,HP all-in-one,Daily or more,Daily or more,Moderately well,"They don't always understand what Im asking, limited info",913
P0393,reconsent,White,Female,SAE,True,True,wh_fe,True,55-64,"$70,000 to $79,999",Associate degree in college (2-year),Woman,White or European American,,I speak English fluently as a first language,Standard American English,,English,,English,,Tennessee,,United States,,Connecticut,Laptop/Computer with built-in microphone,,Lenovo Ideapad Slim 3,"At least once per week, but not every day","At least once per week, but not every day",Moderately well,They sometimes misunderstand what I said. They often interrupt me.,2728
P0405,reconsent,White,Female,non-SAE,True,True,wh_fe,True,45-54,"$90,000 to $99,999",Bachelor's degree in college (4-year),Woman,White or European American,,I speak English fluently as a first language,"Southern accent,Standard American English",,English,,English,,Texas,,United States,,Texas,Laptop/Computer with external microphone,,Hp  laptop 15,"At least once per week, but not every day","At least once per week, but not every day",Very well,No.  I think they have understood me well.,1423
P0415,reconsent,White,Female,non-SAE,True,True,wh_fe,True,65-74,"$60,000 to $69,999","Professional degree (JD, MD)",Woman,White or European American,,I speak English fluently as a first language,Mid Atlantic accent,,English,,English,,North Carolina,,United States,,New Jersey,Laptop/Computer with built-in microphone,,Lenovo IdeaPad Slim 5 ,"At least once per week, but not every day","At least once per week, but not every day",Moderately well,sometimes they jump to answer before the question is finished.  Sometimes they misinterpret one word and replace it with an unintended word.,1103
P0409,reconsent,White,Female,non-SAE,True,True,wh_fe,True,55-64,"$60,000 to $69,999",High school graduate (high school diploma or equivalent including GED),Woman,White or European American,,I speak English fluently as a first language,New England accent,,English,,English,,Connecticut,,United States,,Connecticut,Laptop/Computer with built-in microphone,,dell inspiron 5558,Not at all,Daily or more,Slightly well,[I indicated that I do not use these]....I do you use talk to text on my computer and my cell. Underperforming is that most of the time they don't understand about 1/3 of what I say.,2195
P0494,reconsent,White,Male,non-SAE,True,True,wh_ma,True,25-34,"$100,000 to $149,999",Bachelor's degree in college (4-year),Man,White or European American,,I speak English fluently as a first language,Mid Atlantic accent,,English,,"English,Other",Italian - I wouldn't say near fluency but I have studied for 15 years and am proficient. ,New Jersey,,United States,,New Jersey,Laptop/Computer with built-in microphone,,"MacBook Pro 16-inch, 2019","At least once per week, but not every day","At least once per month, but not every week",Moderately well,"I have some issues with Siri every now and then, especially when I'm driving and telling it to play music from my music library.",1328
P0505,reconsent,White,Male,non-SAE,True,True,wh_ma,True,35-44,"$20,000 to $29,999",Some college but no degree,Man,White or European American,,I speak English fluently as a first language,Southern accent,,English,,English,,North Carolina,,United States,,North Carolina,Laptop/Computer with external microphone,,logitech hd 1080,Daily or more,Daily or more,Very well,google mini doesnt do well with my voice,1245
P0456,reconsent,White,Male,non-SAE,True,True,wh_ma,True,45-54,"$30,000 to $39,999",Some college but no degree,Man,White or European American,,I speak English fluently as a first language,Midland or Northern Midwest accent,,English,,English,,New York,,United States,,New York,Laptop/Computer with external microphone,,I am using a usb webcam microphone. I dont know the model,"At least once per week, but not every day","At least once per week, but not every day",Very well,"no, usually pretty good",1385
P0376,reconsent,White,Female,non-SAE,True,True,wh_fe,True,55-64,"$40,000 to $49,999",Bachelor's degree in college (4-year),Woman,White or European American,,I speak English fluently as a first language,"Southern accent,Standard American English",,English,,English,,North Carolina,,United States,,"New York,North Carolina",Laptop/Computer with built-in microphone,,Lenovo IdeaPad Slim 3,"At least once per week, but not every day","At least once per week, but not every day",Moderately well,"Alexa routinely underperforms, but I don't think it is related to not understanding the speech, with a few exceptions related to misunderstanding a word or name.",3118
P0487,reconsent,White,Male,non-SAE,True,True,wh_ma,True,35-44,"$150,000 or more",Doctoral degree,Man,White or European American,,I speak English fluently as a first language,Mid Atlantic accent,,English,,"English,Spanish",,Massachusetts,,United States,,"California,Massachusetts",Tablet,,iPad Air 3rd generation,Daily or more,"At least once per week, but not every day",Very well,"Siri doesn’t always understand. I also don’t like when it doesn’t dictate the answer, it gives you links that i can’t read while driving ",1241
P0416,reconsent,White,Non-binary,non-SAE,False,False,wh_fe,False,35-44,"$60,000 to $69,999",Associate degree in college (2-year),Non-binary,White or European American,,I speak English fluently as a first language,"Mid Atlantic accent,Midland or Northern Midwest accent,Standard American English",,English,,English,,Maryland,,United States,,"Maryland,Pennsylvania",Laptop/Computer with external microphone,,I'm on my PC using the microphone on my Razer Blackshark wired gaming headset.,"At least once per week, but not every day",Only a few times,Very well,"I use my Google Home to do the ""find my phone"" function and sometimes it doesn't recognize my voice as my own unless I'm speaking in the same tone and cadence as when I set it up.",3193
P0486,reconsent,White,Male,SAE,True,True,wh_ma,True,35-44,"$30,000 to $39,999",Associate degree in college (2-year),Man,White or European American,,I speak English fluently as a first language,Standard American English,,English,,English,,Idaho,,United States,,"Arizona,Hawaii,Idaho",Laptop/Computer with external microphone,,Alienware M13,Only a few times,Only a few times,Extremely well,They have always been accurate when I spoke to them.,1416
P0412,reconsent,White,Female,SAE,True,True,wh_fe,True,45-54,"$150,000 or more",Bachelor's degree in college (4-year),Woman,White or European American,,I speak English fluently as a first language,Standard American English,,English,,English,,Ohio,,United States,,Ohio,Laptop/Computer with built-in microphone,,HP Chromebook,Daily or more,Daily or more,Very well,Sometimes when speaking you have to really make sure to say the words perfectly or the answers aren't right.,2575
P0504,reconsent,White,Male,SAE,True,True,wh_ma,True,25-34,"$40,000 to $49,999",Bachelor's degree in college (4-year),Man,White or European American,,I speak English fluently as a first language,Standard American English,,English,,English,,Illinois,,United States,,Missouri,Laptop/Computer with built-in microphone,,MacBook Air early 2015,Daily or more,"At least once per week, but not every day",Extremely well,When asking complex or multi-part questions,1213
P0433,reconsent,White,Female,SAE,True,True,wh_fe,True,65-74,"$90,000 to $99,999",High school graduate (high school diploma or equivalent including GED),Woman,White or European American,,I speak English fluently as a first language,Standard American English,,English,,English,,Tennessee,,United States,,"Colorado,Iowa",Laptop/Computer with external microphone,,Usb2.0 camera and microphone ,"At least once per week, but not every day",Daily or more,Moderately well,Sometimes I have to repeat the request several times or reword it so they understand,1977
P0496,reconsent,White,Male,non-SAE,True,True,wh_ma,True,55-64,"$100,000 to $149,999",Master's degree,Man,White or European American,,I speak English fluently as a first language,Midland or Northern Midwest accent,,English,,English,,Minnesota,,United States,,Minnesota,Laptop/Computer with external microphone,,PowerSpec Desktop Computer,"At least once per week, but not every day","At least once per month, but not every week",Very well,I think sometimes I don't always speak clearly or am moving around too much,974
P0478,reconsent,White,Male,non-SAE,True,True,wh_ma,True,45-54,"$20,000 to $29,999",Bachelor's degree in college (4-year),Man,White or European American,,I speak English fluently as a first language,Mid Atlantic accent,,English,,English,,Pennsylvania,,United States,,Pennsylvania,Laptop/Computer with built-in microphone,,Fujitsu Lifebook,Daily or more,"At least once per week, but not every day",Very well,,1504
P0473,reconsent,White,Male,SAE,True,True,wh_ma,True,25-34,"$40,000 to $49,999",High school graduate (high school diploma or equivalent including GED),Man,White or European American,,I speak English fluently as a first language,Standard American English,,English,,English,,Florida,,United States,,New York,Smartphone,,iPhone 8,"At least once per week, but not every day",Only a few times,Moderately well,Sometimes they misunderstand me or don’t hear me at all. They are limited on knowledge at times ,1303
P0449,reconsent,White,Male,non-SAE,True,True,wh_ma,True,45-54,"$40,000 to $49,999",Bachelor's degree in college (4-year),Man,White or European American,,I speak English fluently as a first language,Southern accent,,English,,English,,Kentucky,,United States,,Tennessee,Laptop/Computer with built-in microphone,,Acer Cromebook 15 ,"At least once per week, but not every day","At least once per week, but not every day",Moderately well,google assistant,1708
P0515,reconsent,White,Male,non-SAE,True,True,wh_ma,True,55-64,"$30,000 to $39,999",High school graduate (high school diploma or equivalent including GED),Man,White or European American,,I speak English fluently as a first language,California accent,,English,,English,,California,,United States,,California,Laptop/Computer with external microphone,,"Intel i7 MSI motherboard, Nvidia 5080, windows 11",Daily or more,Daily or more,Very well,Nope not really.,1537
P0410,reconsent,White,Female,non-SAE,True,True,wh_fe,True,45-54,"$50,000 to $59,999",Associate degree in college (2-year),Woman,White or European American,,I speak English fluently as a second or additional language,"Any non-American accent (British, European, Asian, African, etc)",Italian,Other,Italian,"English,Other",Italian,California,,Other (Please specify),Italy,,Laptop/Computer with built-in microphone,,Minx,"At least once per week, but not every day","At least once per week, but not every day",Moderately well,,3525
P0510,reconsent,White,Male,non-SAE,True,True,wh_ma,True,55-64,"$30,000 to $39,999",High school graduate (high school diploma or equivalent including GED),Man,White or European American,,I speak English fluently as a first language,"Southern accent,Standard American English",,English,,English,,Oklahoma,,United States,,Oklahoma,Laptop/Computer with built-in microphone,,ASUS Vivobook K1703ZA,Daily or more,Daily or more,Extremely well,They sometimes don't understand an uncommon word or short words but they mostly perform well.,1812
P0480,reconsent,White,Male,SAE,True,True,wh_ma,True,25-34,"$40,000 to $49,999",High school graduate (high school diploma or equivalent including GED),Man,White or European American,,I speak English fluently as a first language,Standard American English,,English,,English,,North Carolina,,United States,,New York,Laptop/Computer with built-in microphone,,Acer nitro,Daily or more,Daily or more,Very well,"No, it is usually always accurate.",1484
P0448,reconsent,White,Male,non-SAE,True,True,wh_ma,True,75 or older,"$60,000 to $69,999",Master's degree,Man,White or European American,,I speak English fluently as a first language,Mid Atlantic accent,,English,,English,,Florida,,United States,,New York,Laptop/Computer with built-in microphone,,ASUS,Only a few times,"At least once per month, but not every week",Moderately well,Sometimes speaking too fast.,1810
P0396,reconsent,White,Female,SAE,True,True,wh_fe,True,45-54,"$60,000 to $69,999",Master's degree,Woman,White or European American,,I speak English fluently as a first language,Standard American English,,English,,English,,Texas,,United States,,Ohio,Laptop/Computer with built-in microphone,,HP 48564A23-0675-421D-96BF-1666BD18A26C,"At least once per week, but not every day","At least once per week, but not every day",Very well,Sometimes they don't respond right away. You have to call them a couple times.,2352
P0407,reconsent,White,Female,SAE,True,True,wh_fe,True,65-74,"$80,000 to $89,999",Some college but no degree,Woman,White or European American,,I speak English fluently as a first language,Standard American English,,English,,English,,Texas,,United States,,Texas,Laptop/Computer with built-in microphone,,HP Laptop 15-dy1xxx System name Desktop HP 1AV6CBD,Daily or more,Daily or more,Extremely well,Not that I can tell. I do listen to my recording before I submit to make sure it sounds appropriate.,2328
P0422,reconsent,White,Female,non-SAE,True,True,wh_fe,True,55-64,"$20,000 to $29,999",Some college but no degree,Woman,White or European American,,I speak English fluently as a first language,Southern accent,,English,,English,,Louisiana,,United States,,Louisiana,Smartphone,,Samsung Galaxy S24 FE,"At least once per week, but not every day","At least once per month, but not every week",Moderately well,Alexa works great. Ive never tried Siri. Google will cut me off before my prompt is complete. If I pause it acts as if im done and then provides a random answer that doesnt match my prompt at all,2150
P0481,reconsent,White,Male,SAE,True,True,wh_ma,True,25-34,"$70,000 to $79,999",Some college but no degree,Man,Hispanic or Latino,,I speak English fluently as a first language,Standard American English,,English,,English,,Arizona,,United States,,Arizona,Laptop/Computer with external microphone,,PC,Not at all,"At least once per week, but not every day",Very well,No,1525
P0503,reconsent,White,Male,non-SAE,True,True,wh_ma,True,45-54,"$40,000 to $49,999",Bachelor's degree in college (4-year),Man,White or European American,,I speak English fluently as a first language,Midland or Northern Midwest accent,,English,,English,,Michigan,,United States,,Michigan,Laptop/Computer with built-in microphone,,HP Laptop 15 - dw0xxx,"At least once per month, but not every week",Only a few times,Moderately well,"Occasionally, these systems have mistaken a word I said for some other word, leading to unintended search results.",1717
P0458,reconsent,White,Male,non-SAE,True,True,wh_ma,True,35-44,"$150,000 or more",Bachelor's degree in college (4-year),Man,White or European American,,I speak English fluently as a first language,New England accent,,English,,English,,Rhode Island,,United States,,Rhode Island,Laptop/Computer with external microphone,,Lenovo chromebook ideapad3,Daily or more,"At least once per week, but not every day",Moderately well,they set timers for the incorrect time a lot,1764
P0439,reconsent,White,Female,non-SAE,True,True,wh_fe,True,45-54,"$60,000 to $69,999",Bachelor's degree in college (4-year),Woman,White or European American,,I speak English fluently as a first language,Midland or Northern Midwest accent,,English,,English,,Ohio,,United States,,Illinois,Laptop/Computer with built-in microphone,,HP DESKTOP-8UH06GS,Only a few times,Only a few times,Moderately well,I have not used them enough to measure this.  ,1501
P0406,reconsent,White,Female,non-SAE,True,True,wh_fe,True,55-64,"$150,000 or more",Bachelor's degree in college (4-year),Woman,White or European American,,I speak English fluently as a first language,New Orleans / Cajun accent,,English,,English,,Louisiana,,United States,,Louisiana,Laptop/Computer with built-in microphone,,"MacBook Air 11"", version macOS 12.7.5","At least once per week, but not every day",Daily or more,Very well,"Honestly, no. I've been very happy with them.",1798
P0513,reconsent,White,Male,non-SAE,True,True,wh_ma,True,55-64,"$100,000 to $149,999",Bachelor's degree in college (4-year),Man,White or European American,,I speak English fluently as a first language,Other,Combo of New York and New England,English,,French,,South Carolina,,United States,,New York,Laptop/Computer with built-in microphone,,HP,Daily or more,Daily or more,Moderately well,"I have especially had problems with systems transcribing my voice, such as when writing messages using the iPHone",1915
P0514,reconsent,White,Male,SAE,True,True,wh_ma,True,25-34,"$80,000 to $89,999",Bachelor's degree in college (4-year),Man,White or European American,,I speak English fluently as a first language,Standard American English,,English,,English,,Illinois,,United States,,Illinois,Smartphone,,Google pixel 9a,"At least once per week, but not every day","At least once per week, but not every day",Moderately well,No,1642
P0437,reconsent,White,Female,non-SAE,True,True,wh_fe,True,25-34,"$90,000 to $99,999",Bachelor's degree in college (4-year),Woman,White or European American,,I speak English fluently as a first language,Midland or Northern Midwest accent,,English,,English,,Kansas,,United States,,Kansas,Laptop/Computer with external microphone,,LG Gram ,"At least once per month, but not every week","At least once per week, but not every day",Moderately well,Just not picking up on speech well all of the time.,2999
P0429,reconsent,White,Female,non-SAE,True,True,wh_fe,True,45-54,"$60,000 to $69,999",Master's degree,Woman,White or European American,,I speak English fluently as a first language,Southern accent,,English,,English,,West Virginia,,United States,,West Virginia,Laptop/Computer with external microphone,,hp laptop,"At least once per week, but not every day","At least once per week, but not every day",Moderately well,They sometimes don't understand my accent,1475
P0482,reconsent,White,Male,non-SAE,True,True,wh_ma,True,45-54,"$30,000 to $39,999",Bachelor's degree in college (4-year),Man,White or European American,,I speak English fluently as a first language,New England accent,,English,,English,,Maine,,United States,,Maine,Smartphone,,iPhone 12,Daily or more,"At least once per month, but not every week",Moderately well,They sometimes misinterpret what I ask,1636
P0485,reconsent,White,Male,non-SAE,True,True,wh_ma,True,45-54,"$150,000 or more",Master's degree,Man,White or European American,,I speak English fluently as a first language,New England accent,,English,,English,,Massachusetts,,United States,,Massachusetts,Laptop/Computer with built-in microphone,,Apple MacBook - 2015,"At least once per week, but not every day","At least once per week, but not every day",Moderately well,"sometimes I just have to repeat what I am saying, maybe slower, more articulate or in a different way.",1906
P0479,reconsent,White,Male,SAE,True,True,wh_ma,True,35-44,"$30,000 to $39,999",High school graduate (high school diploma or equivalent including GED),Man,White or European American,,I speak English fluently as a first language,Standard American English,,English,,English,,Pennsylvania,,United States,,South Carolina,Smartphone,,Samsung galaxy s24 ,"At least once per week, but not every day","At least once per week, but not every day",Very well,Nothing I can think of,1816
P0475,reconsent,White,Male,SAE,True,True,wh_ma,True,35-44,"$60,000 to $69,999",Bachelor's degree in college (4-year),Man,White or European American,,I speak English fluently as a second or additional language,Standard American English,,"English,Polish",,"English,Polish",,New Jersey,,United States,,New Jersey,Smartphone,,Samsung Galaxy flip 5,Daily or more,"At least once per week, but not every day",Very well,Sometimes they don't understand context or didn't understand my queries. ,992
P0386,reconsent,White,Female,SAE,True,True,wh_fe,True,25-34,"$50,000 to $59,999",Less than high school degree,Woman,"Hispanic or Latino,White or European American",,I speak English fluently as a first language,Standard American English,,English,,English,,Texas,,United States,,Florida,Laptop/Computer with external microphone,,Custom built desktop computer.,Not at all,Daily or more,Moderately well,"Usually not understanding what I am saying
",3115
P0426,reconsent,White,Female,SAE,True,True,wh_fe,True,45-54,"$30,000 to $39,999",Associate degree in college (2-year),Woman,White or European American,,I speak English fluently as a first language,Standard American English,,English,,English,,Arizona,,United States,,Oregon,Laptop/Computer with built-in microphone,,acer aspire laptop,Only a few times,"At least once per week, but not every day",Moderately well,They dont always understand,3376
P0493,reconsent,White,Male,non-SAE,True,True,wh_ma,True,45-54,"$50,000 to $59,999",Bachelor's degree in college (4-year),Man,White or European American,,I speak English fluently as a first language,Midland or Northern Midwest accent,,English,,English,,Michigan,,United States,,Michigan,Laptop/Computer with external microphone,,Desktop computer with an external microphone.,Daily or more,"At least once per week, but not every day",Moderately well,"Sometimes they don't understand and I repeat myself the exact same way, then it will answer.  ",1558
P0440,reconsent,White,Female,SAE,True,True,wh_fe,True,45-54,"$150,000 or more",Master's degree,Woman,White or European American,,I speak English fluently as a first language,Standard American English,,English,,English,,New Jersey,,United States,,New Jersey,Laptop/Computer with built-in microphone,,MacBook Air M1 2020,Daily or more,Daily or more,Moderately well,I feel like they usually understand me if I slow down enough,3732
P0490,reconsent,White,Male,non-SAE,True,True,wh_ma,True,35-44,"$70,000 to $79,999",Bachelor's degree in college (4-year),Man,White or European American,,I speak English fluently as a first language,"California accent,Standard American English",,English,,English,,California,,United States,,California,Laptop/Computer with external microphone,,HP Omen with an anker webcam with build in mic.,"At least once per week, but not every day","At least once per week, but not every day",Very well,Sometimes they don't give the correct answer or misunderstand me.,1450
P0385,reconsent,White,Female,SAE,True,True,wh_fe,True,65-74,"$20,000 to $29,999",Some college but no degree,Woman,White or European American,,I speak English fluently as a first language,Standard American English,,English,,English,,Tennessee,,United States,,Michigan,Laptop/Computer with built-in microphone,, HP,"At least once per week, but not every day",Not at all,Very well,no,2212
P0507,reconsent,White,Non-binary,non-SAE,False,False,wh_ma,False,45-54,"$10,000 to $19,999",Some college but no degree,Non-binary,White or European American,,I speak English fluently as a first language,"Standard American English,Other","Honestly/seriously: Transatlantic accent. Which I didn't realize was a thing until recent years (I grew up watching old classics where this accent was expected for a time). Totally normal, I know.",English,,English,,Tennessee,,United States,,Texas,Laptop/Computer with external microphone,,Apple IMac 24-inch 2024,"At least once per month, but not every week",Only a few times,Very well,I honestly can't think of any besides the odd occasion when I need to repeat myself.,1637
P0438,reconsent,White,Female,non-SAE,True,True,wh_fe,True,35-44,"$30,000 to $39,999",Bachelor's degree in college (4-year),Woman,White or European American,,I speak English fluently as a second or additional language,"Any non-American accent (British, European, Asian, African, etc)",European/Russian,"English,Russian",,"English,Russian",,Florida,,"United States,Other (Please specify)",Russia,California,Laptop/Computer with built-in microphone,,Lenovo Laptop AMD Ryzen 5 5500U with Radeon Graphics,"At least once per month, but not every week",Only a few times,Moderately well,Yes sometimes they are giving me different information ,2669
P0499,reconsent,White,Male,SAE,True,True,wh_ma,True,35-44,"$80,000 to $89,999",Bachelor's degree in college (4-year),Man,White or European American,,I speak English fluently as a first language,Standard American English,,English,,English,,New York,,United States,,New York,Laptop/Computer with built-in microphone,,"It's an HP laptop, maybe 4-5 years old. ",Only a few times,"At least once per week, but not every day",Very well,"No, not specifically. ",1071
P0457,reconsent,White,Male,SAE,True,True,wh_ma,True,65-74,"$10,000 to $19,999",Bachelor's degree in college (4-year),Man,White or European American,,I speak English fluently as a first language,Standard American English,,English,,English,,Florida,,United States,,New Jersey,Laptop/Computer with external microphone,,"HP Desktop M01-F3xxx 
",Not at all,Not at all,Moderately well,I've never used those specific systems so I cannot say how well they work. ,1715
P0465,reconsent,White,Male,SAE,True,True,wh_ma,True,25-34,"$70,000 to $79,999",High school graduate (high school diploma or equivalent including GED),Man,White or European American,,I speak English fluently as a first language,Standard American English,,English,,English,,Michigan,,United States,,Michigan,Laptop/Computer with built-in microphone,,HP Laptop 17-cn0xxx,Not at all,"At least once per month, but not every week",Extremely well,I haven't used any speech-based systems that have underperformed for me.,2557
P0453,reconsent,White,Male,non-SAE,True,True,wh_ma,True,35-44,"$100,000 to $149,999",Bachelor's degree in college (4-year),Man,White or European American,,I speak English fluently as a first language,New England accent,,English,,English,,Texas,,United States,,New York,Laptop/Computer with external microphone,,Custom built Desktop PC with Logitech microphone,Daily or more,Daily or more,Moderately well,They often misinterpret the question or command,2459
P0498,reconsent,White,Male,SAE,True,True,wh_ma,True,25-34,"$10,000 to $19,999",Some college but no degree,Man,White or European American,,I speak English fluently as a first language,Standard American English,,English,,English,,New Mexico,,United States,,New Mexico,Smartphone,,iPhone SE (2022),Not at all,Not at all,Very well,Not understanding specific terms for speak to text.,1903
P0474,reconsent,White,Male,non-SAE,True,True,wh_ma,True,35-44,"$30,000 to $39,999",Some college but no degree,Man,White or European American,,I speak English fluently as a first language,Southern accent,,English,,English,,Texas,,United States,,Texas,Laptop/Computer with external microphone,,Logitech H390 USB Computer Headset,Not at all,"At least once per month, but not every week",Slightly well,I have not used these specifically I answered based on using phone based tech support which is probably significantly inferior.  But the general problem I have is it not picking up my voice at all even when i try to speak clearly and loudly.  ,1820
P0466,reconsent,White,Male,non-SAE,True,True,wh_ma,True,45-54,"$150,000 or more",Bachelor's degree in college (4-year),Man,White or European American,,I speak English fluently as a first language,California accent,,English,,English,,California,,United States,,California,Laptop/Computer with external microphone,,Lenovo X1 Carbon,Daily or more,Daily or more,Very well,Google in the kitchen on the nest works great. But on my phone it's terrible. ,1115
P0477,reconsent,White,Male,non-SAE,True,True,wh_ma,True,45-54,"$70,000 to $79,999",Bachelor's degree in college (4-year),Man,White or European American,,I speak English fluently as a first language,Midland or Northern Midwest accent,,English,,English,,Illinois,,United States,,Illinois,Laptop/Computer with built-in microphone,,LENOVO THINKPAD ,Daily or more,Daily or more,Very well,I would have to keep repeating myself ,2462
P0471,reconsent,White,Male,non-SAE,True,True,wh_ma,True,35-44,"$60,000 to $69,999",Bachelor's degree in college (4-year),Man,White or European American,,I speak English fluently as a first language,Southern accent,,English,,English,,Tennessee,,United States,,Tennessee,Smartphone,,Samsung Galaxy Z Fold 7,"At least once per week, but not every day","At least once per week, but not every day",Very well,Sometimes they do requests entirely unrelated to what I asked for,1226
P0511,reconsent,White,Male,SAE,True,True,wh_ma,True,45-54,"$150,000 or more",Bachelor's degree in college (4-year),Man,White or European American,,I speak English fluently as a first language,Standard American English,,English,,English,,Idaho,,United States,,Missouri,Smartphone,,Samsung Galaxy S23,"At least once per week, but not every day","At least once per week, but not every day",Moderately well,"Sometimes speec-based systems do not understand my query if I dont annunciate clearly
",1059
P0461,reconsent,White,Male,SAE,True,True,wh_ma,True,35-44,"$40,000 to $49,999",Master's degree,Man,White or European American,,I speak English fluently as a first language,Standard American English,,English,,English,,Florida,,United States,,New York,Laptop/Computer with external microphone,,Dell PowerEdge T30,Daily or more,Daily or more,Extremely well,There are no ways I can think of that have not performed to my expectations. I am satisfied with my interactions with each.,1652
P0380,reconsent,White,Female,SAE,True,True,wh_fe,True,35-44,"$80,000 to $89,999",High school graduate (high school diploma or equivalent including GED),Woman,White or European American,,I speak English fluently as a second or additional language,Standard American English,,"English,Russian",,English,,Nebraska,,United States,,"Nebraska,South Dakota",Laptop/Computer with external microphone,,Asus Vivobook,"At least once per week, but not every day","At least once per week, but not every day",Very well,"No, sometimes it has gotten confused with cross chatter when being asked a question",1131
P0502,reconsent,White,Male,non-SAE,True,True,wh_ma,True,55-64,"$50,000 to $59,999",Bachelor's degree in college (4-year),Man,White or European American,,I speak English fluently as a first language,Pacific Northwest accent,,English,,English,,Washington,,United States,,Washington,Laptop/Computer with external microphone,,Lenovo desktop,"At least once per week, but not every day","At least once per week, but not every day",Moderately well,Sometimes they get the words wrong when trying to convert speech to text.,1465
P0472,reconsent,White,Male,non-SAE,True,True,wh_ma,True,45-54,"$50,000 to $59,999",High school graduate (high school diploma or equivalent including GED),Man,White or European American,,I speak English fluently as a first language,Midland or Northern Midwest accent,,English,,English,,Ohio,,United States,,Ohio,Laptop/Computer with external microphone,,"Lenovo Legion 5 gaming laptop, Razer Barracuda headphones and microphone",Daily or more,"At least once per week, but not every day",Extremely well,"Siri usually struggles with understanding complex questions, but I don't have any speech related issues.",1560
P0483,reconsent,White,Male,non-SAE,True,True,wh_ma,True,55-64,"$70,000 to $79,999",Some college but no degree,Man,White or European American,,I speak English fluently as a first language,Midland or Northern Midwest accent,,English,,"Russian,Spanish",,Missouri,,United States,,Missouri,Laptop/Computer with external microphone,,HP Pavilion 17,"At least once per week, but not every day",Daily or more,Moderately well,"
I have been using voice mode for Gemini and ChatGPT for about a year or so. At first, it was pretty bad, misunderstanding a lot of what I asked. Lately, it has improved to the point where I prefer it over text when using my mobile phone and for much of my PC interactions when they are short.",2385
P0460,reconsent,White,Male,SAE,True,True,wh_ma,True,45-54,"$30,000 to $39,999",High school graduate (high school diploma or equivalent including GED),Man,White or European American,,I speak English fluently as a first language,Standard American English,,English,,English,,Ohio,,United States,,Ohio,Smartphone,,iPhone 14 Plus,Daily or more,Daily or more,Extremely well,Not at all,1116
P0462,reconsent,White,Male,SAE,True,True,wh_ma,True,55-64,"$50,000 to $59,999",Some college but no degree,Man,White or European American,,I speak English fluently as a first language,Standard American English,,English,,English,,Pennsylvania,,United States,,Pennsylvania,Laptop/Computer with external microphone,,Dell Optiplex 3080,"At least once per week, but not every day","At least once per week, but not every day",Very well,The Siri is wrong about 80% of the time now.,2259
P0447,reconsent,White,Male,SAE,True,True,wh_ma,True,55-64,"$20,000 to $29,999",Some college but no degree,Man,White or European American,,I speak English fluently as a first language,Standard American English,,English,,English,,Minnesota,,United States,,Florida,Smartphone,,iPhone 13 Pro Max,Only a few times,Daily or more,Very well,Sometimes they interrupt while I am still speaking.,2254
P0489,reconsent,White,Male,SAE,True,True,wh_ma,True,25-34,"$100,000 to $149,999",Bachelor's degree in college (4-year),Man,White or European American,,I speak English fluently as a first language,Standard American English,,English,,English,,Texas,,United States,,Texas,Laptop/Computer with external microphone,,Lenovo chromebook,Only a few times,"At least once per week, but not every day",Very well,Siri was too sensitive for me,2474
P0435,reconsent,White,Female,non-SAE,True,True,wh_fe,True,55-64,"$20,000 to $29,999",Associate degree in college (2-year),Woman,White or European American,,I speak English fluently as a first language,Midland or Northern Midwest accent,,English,,English,,Arkansas,,United States,,Minnesota,Laptop/Computer with built-in microphone,,Lenova Vantage,"At least once per week, but not every day","At least once per week, but not every day",Extremely well,None that I have used. ,2448
P0506,reconsent,White,Male,non-SAE,True,True,wh_ma,True,25-34,"$50,000 to $59,999",High school graduate (high school diploma or equivalent including GED),Man,White or European American,,I speak English fluently as a first language,New England accent,,English,,English,,Maine,,United States,,Maine,Laptop/Computer with built-in microphone,,"Lenovo, 20ASS1PS00",Only a few times,"At least once per week, but not every day",Very well,Sometimes they will cut me off if my speech pauses.,3255
P0417,reconsent,White,Female,non-SAE,True,True,wh_fe,True,35-44,"$60,000 to $69,999",Associate degree in college (2-year),Woman,White or European American,,I speak English fluently as a first language,Southern accent,,English,,English,,Virginia,,United States,,Louisiana,Laptop/Computer with built-in microphone,,HP Stream,"At least once per week, but not every day","At least once per week, but not every day",Extremely well,"nothing really, I have very positive results.",2584
P0470,reconsent,White,Male,SAE,True,True,wh_ma,True,45-54,"$20,000 to $29,999",High school graduate (high school diploma or equivalent including GED),Man,White or European American,,I speak English fluently as a first language,Standard American English,,English,,English,,Missouri,,United States,,Missouri,Smartphone,,Samsung Galaxy A23,Daily or more,"At least once per week, but not every day",Very well,Not really all the ones I've tried do their job well,1958
P0419,reconsent,White,Female,SAE,True,True,wh_fe,True,45-54,"$40,000 to $49,999",High school graduate (high school diploma or equivalent including GED),Woman,White or European American,,I speak English fluently as a first language,Standard American English,,English,,English,,Missouri,,United States,,Missouri,Tablet,,iPad 16e,Daily or more,Daily or more,Extremely well,When I have to keep saying what I want it to it and it can’t understand ,2129
P0384,reconsent,White,Female,SAE,True,True,wh_fe,True,45-54,"$150,000 or more",Some college but no degree,Woman,"Hispanic or Latino,White or European American",,I speak English fluently as a first language,Standard American English,,English,,English,,North Carolina,,United States,,"Florida,New York",Laptop/Computer with built-in microphone,,I did not use a phone.,Daily or more,Daily or more,Extremely well,"In my personal experience, not as of yet.",3064
P0414,reconsent,White,Female,non-SAE,True,True,wh_fe,True,55-64,"$10,000 to $19,999",Bachelor's degree in college (4-year),Woman,White or European American,,I speak English fluently as a first language,"Southern accent,Standard American English",,English,,English,,Florida,,United States,,Florida,Laptop/Computer with built-in microphone,,iphone 14 plus,"At least once per week, but not every day",Not at all,Extremely well,there are times they misunderstand what i am saying if i am doing talk to text but everyone makes mistakes,1208
P0450,reconsent,White,Male,non-SAE,True,True,wh_ma,True,25-34,"$70,000 to $79,999",Associate degree in college (2-year),Man,White or European American,,I speak English fluently as a first language,"Southern accent,Standard American English",,English,,English,,Texas,,United States,,Texas,Laptop/Computer with built-in microphone,,Alienwear M15X,Only a few times,"At least once per month, but not every week",Moderately well,they sometimes dont always understand every word i say,1250
P0454,reconsent,White,Male,non-SAE,True,True,wh_ma,True,45-54,"$100,000 to $149,999",Bachelor's degree in college (4-year),Man,White or European American,,I speak English fluently as a first language,Southern accent,,English,,English,,Tennessee,,United States,,Tennessee,Laptop/Computer with built-in microphone,,Samsung Galaxy Book 2,"At least once per week, but not every day","At least once per month, but not every week",Moderately well,misunderstanding me,986
P0468,reconsent,White,Male,non-SAE,True,True,wh_ma,True,25-34,"$10,000 to $19,999",High school graduate (high school diploma or equivalent including GED),Man,White or European American,,I speak English fluently as a first language,Mid Atlantic accent,,English,,English,,Pennsylvania,,United States,,Pennsylvania,Laptop/Computer with built-in microphone,,HP Pavilion Laptop 14 ce0xxx ,"At least once per week, but not every day","At least once per week, but not every day",Moderately well,Just sometimes mistaking words for other ones.,2359
P0464,reconsent,White,Male,SAE,True,True,wh_ma,True,45-54,"$100,000 to $149,999",Bachelor's degree in college (4-year),Man,White or European American,,I speak English fluently as a first language,Standard American English,,Other,English,Other,English,Ohio,,United States,,California,Smartphone,,Google Pixel 10,Not at all,Not at all,Moderately well,I'm impressed how well they work but there's typically one typo per statement. My wife uses it all the time and maybe it works better for her than myself due to her higher pitch voice?,2611
P0501,reconsent,White,Male,SAE,True,True,wh_ma,True,45-54,"$100,000 to $149,999",Some college but no degree,Man,White or European American,,I speak English fluently as a first language,Standard American English,,English,,English,,New York,,United States,,New York,Smartphone,,Samsung Galaxy A20,Only a few times,"At least once per week, but not every day",Very well,Sometimes they don't understand the question or give an answer that I did not expect. ,3622
P0388,reconsent,White,Female,non-SAE,True,True,wh_fe,True,45-54,"$100,000 to $149,999",Master's degree,Woman,White or European American,,I speak English fluently as a first language,Southern accent,,English,,"Spanish,Other","Spanish, Italian",Texas,,United States,,Texas,Laptop/Computer with built-in microphone,,Macbook Air,"At least once per week, but not every day","At least once per week, but not every day",Very well,sometimes it gets the word wrong because it doesn't take into account the context. ,998
P0495,reconsent,White,Male,non-SAE,True,True,wh_ma,True,35-44,"$90,000 to $99,999",Doctoral degree,Man,White or European American,,I speak English fluently as a first language,Mid Atlantic accent,,English,,English,,Maryland,,United States,,Maryland,Laptop/Computer with built-in microphone,,hp laptop 15,"At least once per week, but not every day",Daily or more,Very well,"no, they do well",1931
P0476,reconsent,White,Male,non-SAE,True,True,wh_ma,True,45-54,"$50,000 to $59,999",Associate degree in college (2-year),Man,White or European American,,I speak English fluently as a first language,Midland or Northern Midwest accent,,English,,English,,Illinois,,United States,,Illinois,Laptop/Computer with external microphone,,Dell G5,Only a few times,Daily or more,Moderately well,"I don't use these systems because I think they are too invasive. Why is this survey so long? I spent over 40 minutes on it, and it is supposed to be 20 minutes!",2735
P0413,reconsent,White,Female,non-SAE,True,True,wh_fe,True,65-74,"$30,000 to $39,999",Bachelor's degree in college (4-year),Woman,White or European American,,I speak English fluently as a first language,California accent,,English,,English,,Arizona,,United States,,California,Smartphone,,iPhone 13 Pro Max,Daily or more,Daily or more,Very well,No. I have a typical west coast accent.,1568
P0452,reconsent,White,Male,SAE,True,True,wh_ma,True,25-34,"$20,000 to $29,999",Some college but no degree,Man,White or European American,,I speak English fluently as a first language,Standard American English,,English,,English,,Colorado,,United States,,Colorado,Laptop/Computer with built-in microphone,,acer chromebook,"At least once per week, but not every day","At least once per week, but not every day",Moderately well,,2463
P0500,reconsent,White,Male,non-SAE,True,True,wh_ma,True,45-54,"$60,000 to $69,999",Doctoral degree,Man,White or European American,,I speak English fluently as a second or additional language,"Any non-American accent (British, European, Asian, African, etc)",Russian,Russian,,"English,German,Russian",,Florida,,Other (Please specify),Belarus,,Laptop/Computer with external microphone,,USB camera,"At least once per week, but not every day",Daily or more,Moderately well,"Yes, they have not understood a request or tried to start speaking during a pause in my statement",987
P0508,reconsent,White,Male,non-SAE,True,True,wh_ma,True,45-54,"$100,000 to $149,999",Bachelor's degree in college (4-year),Man,White or European American,,I speak English fluently as a first language,New England accent,,English,,English,,New York,,United States,,New York,Laptop/Computer with built-in microphone,,MacBook Air,"At least once per week, but not every day",Only a few times,Very well,None that I recall. They generally do understand what I say and give me what I need. ,1357
P0463,reconsent,White,Male,non-SAE,True,True,wh_ma,True,35-44,"$100,000 to $149,999","Professional degree (JD, MD)",Man,White or European American,,I speak English fluently as a first language,Midland or Northern Midwest accent,,English,,English,,Missouri,,United States,,Missouri,Laptop/Computer with built-in microphone,,dell latitude 3310,Daily or more,"At least once per week, but not every day",Moderately well,sometimes they dont understand my voice or what i am asking,2228
P0383,reconsent,White,Female,SAE,True,True,wh_fe,True,45-54,"$100,000 to $149,999",High school graduate (high school diploma or equivalent including GED),Woman,White or European American,,I speak English fluently as a first language,Standard American English,,English,,English,,Ohio,,United States,,Ohio,Smartphone,,Samsung s24 ultra ,"At least once per week, but not every day","At least once per week, but not every day",Moderately well,Actually I've asked Alexa a question she'll say sorry cant answer ,1789
P0492,reconsent,White,Male,non-SAE,True,True,wh_ma,True,45-54,"$100,000 to $149,999",Associate degree in college (2-year),Man,White or European American,,I speak English fluently as a first language,Southern accent,,English,,English,,Florida,,United States,,Georgia,Laptop/Computer with built-in microphone,,lenovo laptop ,Daily or more,Daily or more,Moderately well,typo's where voice texting sometimes ,2269
P0484,reconsent,White,Male,SAE,True,True,wh_ma,True,55-64,"$50,000 to $59,999",Some college but no degree,Man,"Hispanic or Latino,White or European American",,I speak English fluently as a first language,Standard American English,,English,,Spanish,,Florida,,United States,,New Jersey,Laptop/Computer with external microphone,,Windows 11 HP Laptop,Daily or more,Daily or more,Moderately well,When they respond and I didn't ask them a question.,1214
P0459,reconsent,White,Male,SAE,True,True,wh_ma,True,35-44,"$100,000 to $149,999",Master's degree,Man,White or European American,,I speak English fluently as a first language,Standard American English,,"English,Signed Language",,English,,Missouri,,United States,,Missouri,Smartphone,,Google Pixel 8 Pro,Daily or more,Daily or more,Extremely well,"Sometimes it didn't recognize what I say, but 98% of the time it's perfect",1187
P0512,reconsent,White,Male,non-SAE,True,True,wh_ma,True,25-34,"$100,000 to $149,999",Associate degree in college (2-year),Man,Hispanic or Latino,,I speak English fluently as a first language,"Latino, Hispanic, or Chicano English",,"English,Spanish",,"English,Spanish",,California,,United States,,California,Laptop/Computer with built-in microphone,,Macbook Pro M1 2020,"At least once per week, but not every day","At least once per week, but not every day",Extremely well,Sometimes when I don't speak loud enough or too fast it will give me the wrong response.,1508
P0467,reconsent,White,Male,non-SAE,True,True,wh_ma,True,65-74,"$100,000 to $149,999",Bachelor's degree in college (4-year),Man,White or European American,,I speak English fluently as a first language,New England accent,,English,,English,,Connecticut,,United States,,New York,Laptop/Computer with external microphone,,Dell Inspiron,Daily or more,Daily or more,Extremely well,They do not hear me often,3214
P0446,reconsent,White,Male,non-SAE,True,True,wh_ma,True,65-74,"$90,000 to $99,999",Bachelor's degree in college (4-year),Man,White or European American,,I speak English fluently as a first language,Midland or Northern Midwest accent,,English,,English,,Wisconsin,,United States,,Wisconsin,Laptop/Computer with built-in microphone,,"Apple, iMac, 2.5 GHz Intel Core i5, desktop computer, 21.5-inch display.","At least once per week, but not every day",Daily or more,Very well,"I have, lately, found speech-based systems to be surprisingly accurate in my own daily life, my own personal use, my business related use. Any underperformance in my daily use seems to stem from a possible legacy design (with some previous experiences) or what I have sometimes observed in some speech-based system's inability to handle follow-up questions as well other models I have recently tried. ",2872
P0509,reconsent,White,Male,non-SAE,True,True,wh_ma,True,25-34,"$60,000 to $69,999",Some college but no degree,Man,White or European American,,I speak English fluently as a first language,Midland or Northern Midwest accent,,English,,English,,Pennsylvania,,United States,,Pennsylvania,Laptop/Computer with external microphone,,Macbook Air M2,"At least once per week, but not every day",Daily or more,Moderately well,Not understanding what I am asking or providing outdated information. ,1945
P0491,reconsent,White,Male,SAE,True,True,wh_ma,True,35-44,"$10,000 to $19,999",Master's degree,Man,"Hispanic or Latino,Native American or Alaska Native,White or European American",,I speak English fluently as a first language,Standard American English,,English,,English,,Delaware,,United States,,Delaware,Smartphone,,TCL 10 5G UW,Only a few times,Daily or more,Moderately well,"When it comes to playing music, they have major limitations on the type of music they can play. Sometimes, they mishear the name of the artist or track, as well.",2106
P0343,reconsent,Black,Male,non-SAE,True,True,bl_ma,True,25-34,"$80,000 to $89,999",Bachelor's degree in college (4-year),Man,Black or African American,,I speak English fluently as a first language,"African American English,Standard American English",,English,,English,,Maryland,,United States,,Maryland,Laptop/Computer with built-in microphone,,Acer Chrombook Plus 514,Daily or more,Daily or more,Extremely well,Maybe not always being as able to capture information like text-bots.,782
P0362,reconsent,Black,Male,non-SAE,True,True,bl_ma,True,35-44,"$150,000 or more",Bachelor's degree in college (4-year),Man,Black or African American,,I speak English fluently as a first language,"African American English,New England accent",,English,,English,,Florida,,United States,,Florida,Laptop/Computer with built-in microphone,,Lenova Yoga 7 2in1,Daily or more,Daily or more,Moderately well,"Not understanding certain words, or a question I am asking.",1210
P0323,reconsent,Black,Male,non-SAE,True,True,bl_ma,True,35-44,"$150,000 or more",Master's degree,Man,Black or African American,,I speak English fluently as a first language,"African American English,Midland or Northern Midwest accent,California accent",,English,,English,,North Carolina,,United States,,"Arizona,Indiana",Laptop/Computer with external microphone,,IBM ThinkPad,Daily or more,"At least once per week, but not every day",Very well,Alexa,1322
P0324,reconsent,Black,Male,non-SAE,True,True,bl_ma,True,25-34,"$50,000 to $59,999",Some college but no degree,Man,Black or African American,,I speak English fluently as a first language,"African American English,Southern accent",,English,,English,,Texas,,United States,,Michigan,Laptop/Computer with external microphone,,CyberPower PC Prism 360V AMD Ryzen 7 8700F 8-Core Processor    ,"At least once per week, but not every day","At least once per month, but not every week",Moderately well,Sometimes they don't understand or they misinterpret what I say because of how I talk.,1850
P0368,reconsent,Black,Male,non-SAE,True,True,bl_ma,True,25-34,"$80,000 to $89,999",Bachelor's degree in college (4-year),Man,Black or African American,,I speak English fluently as a first language,African American English,,English,,English,,Pennsylvania,,United States,,New York,Smartphone,,iPhone 14,"At least once per month, but not every week","At least once per month, but not every week",Extremely well,No they usually do a good job hearing what I say,1082
P0347,reconsent,Black,Male,non-SAE,True,True,bl_ma,True,35-44,"$100,000 to $149,999",Some college but no degree,Man,Black or African American,,I speak English fluently as a first language,California accent,,English,,English,,California,,United States,,California,Laptop/Computer with built-in microphone,,Lenovo IdeaPad,"At least once per week, but not every day",Daily or more,Very well,I've been given unrelated answers or things that don't match what I asked for.,2221
P0357,reconsent,Black,Male,non-SAE,True,True,bl_ma,True,18-24,"$150,000 or more",Master's degree,Man,Black or African American,,I speak English fluently as a first language,African American English,,English,,German,,Texas,,United States,,Alabama,Laptop/Computer with built-in microphone,,HP Elitebook X2,Daily or more,Daily or more,Very well,"No, it is just perfect.",1708
P0361,reconsent,Black,Male,non-SAE,True,True,bl_ma,True,45-54,"$50,000 to $59,999",Bachelor's degree in college (4-year),Man,Black or African American,,I speak English fluently as a first language,African American English,,English,,English,,North Carolina,,United States,,New Jersey,Laptop/Computer with built-in microphone,,windows 11 pc,Daily or more,Daily or more,Very well,incorrect spellings misspelled words words with the same sounds,1990
P0355,reconsent,Black,Male,non-SAE,True,True,bl_ma,True,55-64,"$60,000 to $69,999",Master's degree,Man,Black or African American,,I speak English fluently as a first language,California accent,,English,,English,,Ohio,,United States,,California,Laptop/Computer with built-in microphone,,HP laptop 15,Not at all,"At least once per week, but not every day",Slightly well,poor word recognition/choosing the wrong word/misunderstanding,2323
P0326,reconsent,Black,Male,non-SAE,True,True,bl_ma,True,35-44,"$40,000 to $49,999",High school graduate (high school diploma or equivalent including GED),Man,Black or African American,,I speak English fluently as a first language,African American English,,English,,English,,Florida,,United States,,Florida,Laptop/Computer with built-in microphone,,Macbook Pro 14 inch 2021,Daily or more,Daily or more,Very well,"No, not really",2412
P0369,reconsent,Black,Male,non-SAE,True,True,bl_ma,True,35-44,"$20,000 to $29,999",Associate degree in college (2-year),Man,Black or African American,,I speak English fluently as a first language,"African American English,Southern accent",,English,,English,,Texas,,United States,,Texas,Smartphone,,Samsung Galaxy A12,Only a few times,Only a few times,Moderately well,"Not really, especially since I haven't used them enough to say.",2342
P0350,reconsent,Black,Male,non-SAE,True,True,bl_ma,True,45-54,"$70,000 to $79,999",Some college but no degree,Man,Black or African American,,I speak English fluently as a first language,African American English,,English,,English,,Illinois,,United States,,"Illinois,Indiana",Laptop/Computer with external microphone,,iphone 17 pro max,Daily or more,Daily or more,Extremely well,no,1566
P0332,reconsent,Black,Male,non-SAE,True,True,bl_ma,True,45-54,"$50,000 to $59,999",Master's degree,Man,Black or African American,,I speak English fluently as a first language,"African American English,Standard American English",,English,,English,,Illinois,,United States,,Illinois,Laptop/Computer with built-in microphone,,HP Laptop 14-dq0xxx,"At least once per week, but not every day",Daily or more,Extremely well,Sometimes they have a hard time filtering out background noise and may get the question wrong. ,2459
P0340,reconsent,Black,Male,non-SAE,True,True,bl_ma,True,65-74,"$40,000 to $49,999",Some college but no degree,Man,Black or African American,,I speak English fluently as a first language,"African American English,Standard American English",,English,,English,,Colorado,,United States,,"District of Columbia,Kansas",Laptop/Computer with external microphone,,"Dell Victus Laptop 15""","At least once per week, but not every day","At least once per week, but not every day",Extremely well,Not really they usual get the words right even if i make a mistake while telling them what i am looking for.  The only underperformance i get they get the wrong answer. ,1242
P0367,reconsent,Black,Male,non-SAE,True,True,bl_ma,True,35-44,"$70,000 to $79,999",Master's degree,Man,Black or African American,,I speak English fluently as a first language,African American English,,English,,English,,California,,United States,,California,Laptop/Computer with built-in microphone,,HP,Only a few times,"At least once per week, but not every day",Very well,No,2748
P0349,reconsent,Black,Male,SAE,True,True,bl_ma,True,55-64,"$40,000 to $49,999",Bachelor's degree in college (4-year),Man,"Black or African American,Native American or Alaska Native",,I speak English fluently as a first language,Standard American English,,English,,English,,Georgia,,United States,,North Carolina,Laptop/Computer with built-in microphone,,11th Gen Intel(R) Core(TM) i3-1115G4 @ 3.00GHz (2.19 GHz),"At least once per week, but not every day",Daily or more,Very well,When they don't input exactly what I say.  They put in other words that sometimes don't even sound close to what I say.  And also proper names sometimes can be a problem.  ,1741
P0366,reconsent,Black,Male,non-SAE,True,True,bl_ma,True,75 or older,"$10,000 to $19,999",Bachelor's degree in college (4-year),Man,Black or African American,,I speak English fluently as a first language,Midland or Northern Midwest accent,,English,,English,,Massachusetts,,United States,,Michigan,Smartphone,,Samsung Galaxy A13 5G,Only a few times,Not at all,Very well,No,1590
P0370,reconsent,Black,Male,SAE,True,True,bl_ma,True,25-34,"$20,000 to $29,999",Some college but no degree,Man,Black or African American,,I speak English fluently as a first language,Standard American English,,English,,English,,California,,United States,,California,Laptop/Computer with built-in microphone,,Iphone 14,Daily or more,Daily or more,Moderately well,No,3473
P0360,reconsent,Black,Male,non-SAE,True,True,bl_ma,True,35-44,"$50,000 to $59,999",Bachelor's degree in college (4-year),Man,Black or African American,,I speak English fluently as a first language,"African American English,Mid Atlantic accent",,English,,English,,New York,,United States,,New York,Laptop/Computer with built-in microphone,,"Macbook air 15-inch, M4, 2025",Daily or more,Daily or more,Slightly well,They need very clear articulation. which they might even have to go as far as to help people develop some  ,1280
P0371,reconsent,Black,Male,non-SAE,True,True,bl_ma,True,25-34,"$10,000 to $19,999",Some college but no degree,Man,Black or African American,,I speak English fluently as a first language,African American English,,English,,English,,Tennessee,,United States,,Tennessee,Smartphone,,Samsung galaxy s21 ,"At least once per week, but not every day","At least once per week, but not every day",Very well,Sometimes it doesn't catch some of the words I say or auto corrects me,1818
P0327,reconsent,Black,Male,SAE,True,True,bl_ma,True,45-54,"$100,000 to $149,999",Bachelor's degree in college (4-year),Man,Black or African American,,I speak English fluently as a first language,Standard American English,,English,,English,,South Carolina,,United States,,"Alabama,Florida,Georgia,Virginia",Laptop/Computer with built-in microphone,,Lenovo laptop ,Daily or more,Daily or more,Extremely well,no,1265
P0339,reconsent,Black,Male,non-SAE,True,True,bl_ma,True,35-44,"$10,000 to $19,999",Some college but no degree,Man,Black or African American,,I speak English fluently as a first language,"African American English,Standard American English",,English,,English,,California,,United States,,Texas,Laptop/Computer with external microphone,,"Onn wired gaming headset. 

On a Dell Wyse Computer. ",Not at all,Daily or more,Not well at all,N/A.,1220
P0351,reconsent,Black,Male,non-SAE,True,True,bl_ma,True,25-34,"$90,000 to $99,999",High school graduate (high school diploma or equivalent including GED),Man,Black or African American,,I speak English fluently as a first language,"African American English,Mid Atlantic accent,Southern accent",,English,,English,,Maryland,,United States,,Maryland,Laptop/Computer with external microphone,,HP Omen 35L,Daily or more,Daily or more,Moderately well,I think they struggle to understand my accent when saying words. Which makes the prompt I give them invalid. ,1462
P0321,reconsent,Black,Male,non-SAE,True,True,bl_ma,True,25-34,"Less than $10,000",Some college but no degree,Man,Black or African American,,I speak English fluently as a first language,"African American English,Southern accent,Standard American English",,English,,English,,Georgia,,United States,,Georgia,Laptop/Computer with built-in microphone,,hp intel,Not at all,Not at all,Not well at all,"no, nothing specific. I do no use them
",5246
P0354,reconsent,Black,Male,non-SAE,True,True,bl_ma,True,35-44,"$60,000 to $69,999",Bachelor's degree in college (4-year),Man,Black or African American,,I speak English fluently as a first language,"African American English,Standard American English",,English,,English,,California,,United States,,District of Columbia,Laptop/Computer with built-in microphone,,Samsung Galaxy S22 Ultra ,"At least once per week, but not every day","At least once per week, but not every day",Moderately well,There have been moments when common words or phrases have been misunderstood or misinterpreted.,2479
P0346,reconsent,Black,Male,non-SAE,True,True,bl_ma,True,35-44,"$30,000 to $39,999",Some college but no degree,Man,Black or African American,,I speak English fluently as a first language,African American English,,English,,English,,Alabama,,United States,,Alabama,Smartphone,,iPhone 14,Daily or more,"At least once per week, but not every day",Very well,Not that I can think of ,3381
P0325,reconsent,Black,Male,non-SAE,True,True,bl_ma,True,35-44,"$60,000 to $69,999",Bachelor's degree in college (4-year),Man,"Black or African American,Hispanic or Latino",,I speak English fluently as a first language,African American English,,English,,English,,California,,United States,,New York,Laptop/Computer with external microphone,,"Rzaer Seiren mic, HP OMEN PC",Daily or more,"At least once per week, but not every day",Very well,turning the lights on and off in my house,1199
P0352,reconsent,Black,Male,non-SAE,True,True,bl_ma,True,25-34,"$40,000 to $49,999",Bachelor's degree in college (4-year),Man,Black or African American,,I speak English fluently as a first language,"African American English,Latino, Hispanic, or Chicano English,Southern accent,Midland or Northern Midwest accent,Any non-American accent (British, European, Asian, African, etc)",Normal East coast,English,,English,,Illinois,,United States,,"Georgia,Virginia",Laptop/Computer with built-in microphone,,Dell 3180 chromebook 11,"At least once per week, but not every day","At least once per week, but not every day",Moderately well,maybe with the cost,3535
P0336,reconsent,Black,Male,non-SAE,True,True,bl_ma,True,55-64,"$60,000 to $69,999",Master's degree,Man,Black or African American,,I speak English fluently as a first language,New England accent,,English,,English,,Connecticut,,United States,,Connecticut,Laptop/Computer with built-in microphone,,acer windows 8,Only a few times,Only a few times,Moderately well,No there are not. ,2290
P0334,reconsent,Black,Male,non-SAE,True,True,bl_ma,True,25-34,"$30,000 to $39,999",Some college but no degree,Man,Black or African American,,I speak English fluently as a first language,"African American English,Mid Atlantic accent",,English,,English,,Pennsylvania,,United States,,Pennsylvania,Laptop/Computer with built-in microphone,,HP Pavilion x360,"At least once per week, but not every day","At least once per month, but not every week",Very well,"not really, sometimes they just will not have the feature I am asking them for, but that's about it.",1724
P0331,reconsent,Black,Male,non-SAE,True,True,bl_ma,True,18-24,"$50,000 to $59,999",High school graduate (high school diploma or equivalent including GED),Man,Black or African American,,I speak English fluently as a first language,African American English,,English,,English,,Indiana,,United States,,Indiana,Smartphone,,iPhone 14,"At least once per week, but not every day",Daily or more,Slightly well,They never answer to my voice for some reason ,1050
P0342,reconsent,Black,Male,non-SAE,True,True,bl_ma,True,45-54,"$10,000 to $19,999",Some college but no degree,Man,"Black or African American,Hispanic or Latino",,I speak English fluently as a first language,"Mid Atlantic accent,Midland or Northern Midwest accent,Standard American English",,English,,"English,Spanish",,Minnesota,,United States,,Maryland,Laptop/Computer with built-in microphone,,HP Intel Core i3 7th Gen,"At least once per week, but not every day",Daily or more,Extremely well,"For the roughly last 2 years, I've found speech-based systems to be nearly perfect for my use case.",1323
P0319,reconsent,Black,Male,non-SAE,True,True,bl_ma,True,55-64,"Less than $10,000",Some college but no degree,Man,"Black or African American,White or European American,Some other race, ethnicity, or origin (Please specify)",Biracial Afro Caribbean American / White European American,I speak English fluently as a first language,Mid Atlantic accent,,English,,English,,Maryland,,Other (Please specify),Jamaica,,Laptop/Computer with external microphone,,Acer Chromebook 315,Not at all,"At least once per week, but not every day",Not well at all,"I have never used a speech based system on my devices, so I cannot say that they underperformed, but only did not perform.  I answered the last question to indicate ""Not well at all"", because there was no performance to judge, so that was the most accurate response, by default.",3901
P0337,reconsent,Black,Male,non-SAE,True,True,bl_ma,True,45-54,"$150,000 or more",Bachelor's degree in college (4-year),Man,"Black or African American,White or European American",,I speak English fluently as a first language,"African American English,California accent,Standard American English",,English,,English,,California,,United States,,California,Smartphone,,iPhone 13,"At least once per week, but not every day",Daily or more,Very well,"Yes, sometimes they don’t understand where there should be a question mark vs. periods. ",1651
P0328,reconsent,Black,Male,non-SAE,True,True,bl_ma,True,55-64,"$100,000 to $149,999",Bachelor's degree in college (4-year),Man,Black or African American,,I speak English fluently as a first language,New England accent,,English,,English,,Georgia,,United States,,Georgia,Laptop/Computer with built-in microphone,,Dell Inspiron 16,Only a few times,Only a few times,Very well,Not really.,1943
P0333,reconsent,Black,Male,non-SAE,True,True,bl_ma,True,35-44,"$10,000 to $19,999",High school graduate (high school diploma or equivalent including GED),Man,Black or African American,,I speak English fluently as a first language,African American English,,English,,English,,Georgia,,United States,,Georgia,Laptop/Computer with built-in microphone,,MSI GF63 Thin,Only a few times,Daily or more,Moderately well,Sometimes it just doesn't understand my voice despite how clearly I speak,2321
P0329,reconsent,Black,Male,non-SAE,True,True,bl_ma,True,45-54,"$20,000 to $29,999",Less than high school degree,Man,Black or African American,,I speak English fluently as a first language,African American English,,English,,English,,New York,,United States,,New York,Laptop/Computer with external microphone,,motorola one 5G UW ace,Not at all,Daily or more,Moderately well,i have not used them just yet so i can not so for certain,3224
P0344,reconsent,Black,Male,non-SAE,True,True,bl_ma,True,25-34,"$90,000 to $99,999",Bachelor's degree in college (4-year),Man,Black or African American,,I speak English fluently as a first language,Mid Atlantic accent,,English,,Haitian Creole,,New Jersey,,United States,,New Jersey,Laptop/Computer with built-in microphone,,Lenovo Legion 5,Only a few times,"At least once per month, but not every week",Slightly well,Not that I can really describe here,3996
P0335,reconsent,Black,Male,non-SAE,True,True,bl_ma,True,25-34,"$50,000 to $59,999",Associate degree in college (2-year),Man,Black or African American,,I speak English fluently as a first language,"African American English,Standard American English",,English,,English,,Maryland,,United States,,Maryland,Tablet,,Lenovo TB,"At least once per month, but not every week","At least once per week, but not every day",Moderately well,Sometimes they mishear what I saw when making a request or respond before I finish what I'm saying.,1938
P0345,reconsent,Black,Male,non-SAE,True,True,bl_ma,True,25-34,"$30,000 to $39,999",Bachelor's degree in college (4-year),Man,Black or African American,,I speak English fluently as a first language,African American English,,English,,English,,Ohio,,United States,,Ohio,Smartphone,,Samsung galaxy S23 ultra,Daily or more,"At least once per week, but not every day",Moderately well,Needing to repeat myself ,1603
P0322,reconsent,Black,Male,non-SAE,True,True,bl_ma,True,35-44,"Less than $10,000",High school graduate (high school diploma or equivalent including GED),Man,Black or African American,,I speak English fluently as a first language,African American English,,English,,English,,Georgia,,United States,,Illinois,Laptop/Computer with external microphone,,legion tower ryzen 5,Only a few times,"At least once per month, but not every week",Not well at all,no,916
P0363,reconsent,Black,Male,non-SAE,True,True,bl_ma,True,35-44,"$70,000 to $79,999",Bachelor's degree in college (4-year),Man,"Black or African American,Hispanic or Latino",,I speak English fluently as a first language,"African American English,Standard American English",,English,,English,,Florida,,United States,,Florida,Smartphone,,Pixel 7,"At least once per week, but not every day","At least once per week, but not every day",Slightly well,It can sound choppy at times,3473
P0320,reconsent,Black,Male,non-SAE,True,True,bl_ma,True,35-44,"$60,000 to $69,999",Master's degree,Man,Black or African American,,I speak English fluently as a first language,"African American English,Other",I worked in Africa for a brief period of time,English,,English,,California,,United States,,Maryland,Laptop/Computer with built-in microphone,,LAPTOP-E1585M9M,Only a few times,Daily or more,Slightly well,Sometimes they mix up my words,3152
P0353,reconsent,Black,Male,non-SAE,True,True,bl_ma,True,18-24,"$90,000 to $99,999",High school graduate (high school diploma or equivalent including GED),Man,"Black or African American,Native American or Alaska Native",,I speak English fluently as a first language,"African American English,Midland or Northern Midwest accent,Standard American English",,English,,English,,Nebraska,,United States,,Nebraska,Smartphone,,iPhone 12 Pro Max,Only a few times,Daily or more,Moderately well,No there are not.,771
P0358,reconsent,Black,Male,non-SAE,True,True,bl_ma,True,25-34,"$100,000 to $149,999",Bachelor's degree in college (4-year),Man,Black or African American,,I speak English fluently as a first language,African American English,,English,,English,,North Carolina,,United States,,Illinois,Laptop/Computer with built-in microphone,,HP Laptop 15-dy1xxx,"At least once per week, but not every day",Not at all,Moderately well,"Sometimes, Alexa does not provide recipes that I ask for. It gives me a list of recipes with no details or recommendations. It makes it difficult to choose. ",1570
P0372,reconsent,Black,Male,non-SAE,True,True,bl_ma,True,25-34,"$100,000 to $149,999",High school graduate (high school diploma or equivalent including GED),Man,Black or African American,,I speak English fluently as a first language,"African American English,Standard American English",,English,,English,,Florida,,United States,,Florida,Laptop/Computer with external microphone,,Logitech H390,"At least once per week, but not every day","At least once per week, but not every day",Moderately well,Just sometimes misunderstanding what I said.,1699
P0330,reconsent,Black,Male,non-SAE,True,True,bl_ma,True,35-44,"$20,000 to $29,999",High school graduate (high school diploma or equivalent including GED),Man,Black or African American,,I speak English fluently as a first language,African American English,,English,,English,,Oklahoma,,United States,,Oklahoma,Smartphone,,Mot G 5g,Daily or more,Only a few times,Moderately well,No,2690
P0359,reconsent,Black,Male,non-SAE,True,True,bl_ma,True,45-54,"$40,000 to $49,999",High school graduate (high school diploma or equivalent including GED),Man,"Black or African American,Native American or Alaska Native",,I speak English fluently as a first language,"African American English,Southern accent",,English,,English,,South Carolina,,United States,,District of Columbia,Smartphone,,Samsung Galaxy A14,"At least once per week, but not every day",Daily or more,Very well,No they have been performing quite well for me.,2471
P0365,reconsent,Black,Male,non-SAE,True,True,bl_ma,True,25-34,"$100,000 to $149,999",Bachelor's degree in college (4-year),Man,Black or African American,,I speak English fluently as a first language,New England accent,,Portuguese,,"English,Portuguese",,Georgia,,United States,,"Georgia,New Jersey",Laptop/Computer with external microphone,,Razer blade 14,Daily or more,Daily or more,Very well,Siri is basically useless,3002
P0338,reconsent,Black,Male,non-SAE,True,True,bl_ma,True,25-34,"Less than $10,000",Less than high school degree,Man,Black or African American,,I speak English fluently as a first language,"African American English,Standard American English",,English,,English,,Illinois,,United States,,Illinois,Smartphone,,Samsung Galaxy S21,"At least once per month, but not every week","At least once per month, but not every week",Very well,Sometimes have to repeat ,1460
P0348,reconsent,Black,Male,non-SAE,True,True,bl_ma,True,35-44,"$20,000 to $29,999",Bachelor's degree in college (4-year),Man,Black or African American,,I speak English fluently as a first language,"African American English,Standard American English",,English,,English,,Louisiana,,United States,,Louisiana,Laptop/Computer with external microphone,,moto g 5G (XT2417D),"At least once per week, but not every day","At least once per week, but not every day",Very well,None that I can think of ,23470
P0356,reconsent,Black,Male,non-SAE,True,True,bl_ma,True,65-74,"$50,000 to $59,999",Bachelor's degree in college (4-year),Man,Black or African American,,I speak English fluently as a first language,African American English,,English,,English,,Michigan,,United States,,Michigan,Laptop/Computer with built-in microphone,,Asus 314 Chromebook,Daily or more,"At least once per week, but not every day",Moderately well,"Yes, Siri is very disappointing to use.  I often have to repeat my question several times before she gets it right. ",2787
P0373,reconsent,Black,Male,non-SAE,True,True,bl_ma,True,18-24,"$50,000 to $59,999",Some college but no degree,Man,Black or African American,,I speak English fluently as a first language,African American English,,English,,English,,North Carolina,,United States,,North Carolina,Laptop/Computer with external microphone,,MSI Trident 3,"At least once per week, but not every day","At least once per week, but not every day",Extremely well,Sometimes it detects the wrong word despite me speaking correctly,1604
P0374,reconsent,Black,Male,non-SAE,True,True,bl_ma,True,35-44,"$60,000 to $69,999",High school graduate (high school diploma or equivalent including GED),Man,Black or African American,,I speak English fluently as a first language,"African American English,Midland or Northern Midwest accent",,English,,English,,Ohio,,United States,,Ohio,Smartphone,,Moto g 2023,"At least once per month, but not every week","At least once per week, but not every day",Moderately well,Sometimes they take a while to recognize my speech when I am in a lot of traffic or have a lot of noise around me. Sometimes they don't recognize accents. ,1375
P0364,reconsent,Black,Male,non-SAE,True,True,bl_ma,True,35-44,"$100,000 to $149,999",Bachelor's degree in college (4-year),Man,Black or African American,,I speak English fluently as a first language,African American English,,English,,English,,Illinois,,United States,,Michigan,Laptop/Computer with built-in microphone,,Acer Nitro V Gaming Laptop,"At least once per week, but not every day","At least once per week, but not every day",Extremely well,I haven't experienced disappointment in a speech system yet.,2495
P0341,reconsent,Black,Male,non-SAE,True,True,bl_ma,True,45-54,"$50,000 to $59,999",Bachelor's degree in college (4-year),Man,Black or African American,,I speak English fluently as a first language,African American English,,English,,English,,Texas,,United States,,Texas,Laptop/Computer with built-in microphone,,HP Laptop,Daily or more,Daily or more,Extremely well,"NO, most of them work great.",2655
